Chromosome	Start	End
chr1A	0	72268309
chr2	0	152210352
chr3	0	113230790
chr4	0	71975342
chr4A	0	20015810
chr5	0	62001665
chr6	0	35765071
chr7	0	38543002
chr8	0	30981424
chr9	0	25959029
chr10	0	21238631
chr11	0	21163684
chr12	0	20959059
chr13	0	18629662
chr14	0	16766037
chr15	0	14322862
chr17	0	11552688
chr18	0	11854819
chr19	0	11343146
chr20	0	15151729
chr21	0	8329815
chr22	0	5629200
chr23	0	7431096
chr24	0	7709808
chr25	0	3649918
chr26	0	7149050
chr27	0	6327419
chr28	0	6421163
chr29	0	3381876
chrZ	0	73589325
chrUn_NW_021818237v1	0	1621
chrUn_NW_021818238v1	0	1615
chrUn_NW_021818239v1	0	1589
chrUn_NW_021818240v1	0	1610
chrUn_NW_021818241v1	0	1497
chrUn_NW_021818242v1	0	1609
chrUn_NW_021818243v1	0	1608
chrUn_NW_021818244v1	0	1607
chrUn_NW_021818245v1	0	1606
chrUn_NW_021818246v1	0	1598
chrUn_NW_021818247v1	0	15345
chrUn_NW_021818248v1	0	1603
chrUn_NW_021818249v1	0	1498
chrUn_NW_021818250v1	0	1600
chrUn_NW_021818251v1	0	1598
chrUn_NW_021818252v1	0	1596
chrUn_NW_021818253v1	0	1596
chrUn_NW_021818254v1	0	1485
chrUn_NW_021818255v1	0	1554
chrUn_NW_021818256v1	0	1537
chrUn_NW_021818257v1	0	1553
chrUn_NW_021818258v1	0	12345
chrUn_NW_021818259v1	0	1592
chrUn_NW_021818260v1	0	1591
chrUn_NW_021818261v1	0	1589
chrUn_NW_021818262v1	0	1589
chrUn_NW_021818263v1	0	1527
chrUn_NW_021818264v1	0	1584
chrUn_NW_021818265v1	0	1584
chrUn_NW_021818266v1	0	1583
chrUn_NW_021818267v1	0	1580
chrUn_NW_021818268v1	0	1577
chrUn_NW_021818269v1	0	12222
chrUn_NW_021818270v1	0	1572
chrUn_NW_021818271v1	0	1572
chrUn_NW_021818272v1	0	1571
chrUn_NW_021818273v1	0	1568
chrUn_NW_021818274v1	0	1563
chrUn_NW_021818275v1	0	1565
chrUn_NW_021818276v1	0	1564
chrUn_NW_021818277v1	0	1564
chrUn_NW_021818278v1	0	1563
chrUn_NW_021818279v1	0	1444
chrUn_NW_021818280v1	0	20539
chrUn_NW_021818281v1	0	1563
chrUn_NW_021818282v1	0	1505
chrUn_NW_021818283v1	0	1561
chrUn_NW_021818284v1	0	1509
chrUn_NW_021818285v1	0	1518
chrUn_NW_021818286v1	0	1490
chrUn_NW_021818287v1	0	1552
chrUn_NW_021818288v1	0	1538
chrUn_NW_021818289v1	0	1552
chrUn_NW_021818290v1	0	1445
chrUn_NW_021818291v1	0	12387
chrUn_NW_021818292v1	0	1498
chrUn_NW_021818293v1	0	1494
chrUn_NW_021818294v1	0	1546
chrUn_NW_021818295v1	0	1546
chrUn_NW_021818296v1	0	1546
chrUn_NW_021818297v1	0	1544
chrUn_NW_021818298v1	0	1524
chrUn_NW_021818299v1	0	1542
chrUn_NW_021818300v1	0	1422
chrUn_NW_021818301v1	0	1542
chrUn_NW_021818302v1	0	12216
chrUn_NW_021818303v1	0	1542
chrUn_NW_021818304v1	0	1542
chrUn_NW_021818305v1	0	1535
chrUn_NW_021818306v1	0	1490
chrUn_NW_021818307v1	0	1540
chrUn_NW_021818308v1	0	1540
chrUn_NW_021818309v1	0	1508
chrUn_NW_021818310v1	0	1540
chrUn_NW_021818311v1	0	1540
chrUn_NW_021818312v1	0	1421
chrUn_NW_021818313v1	0	12449
chrUn_NW_021818314v1	0	1483
chrUn_NW_021818315v1	0	1536
chrUn_NW_021818316v1	0	1535
chrUn_NW_021818317v1	0	1527
chrUn_NW_021818318v1	0	1526
chrUn_NW_021818319v1	0	1526
chrUn_NW_021818320v1	0	1488
chrUn_NW_021818321v1	0	1524
chrUn_NW_021818322v1	0	1428
chrUn_NW_021818323v1	0	1509
chrUn_NW_021818324v1	0	12285
chrUn_NW_021818325v1	0	1523
chrUn_NW_021818326v1	0	1523
chrUn_NW_021818327v1	0	1522
chrUn_NW_021818328v1	0	1468
chrUn_NW_021818329v1	0	1519
chrUn_NW_021818330v1	0	1519
chrUn_NW_021818331v1	0	1464
chrUn_NW_021818332v1	0	1518
chrUn_NW_021818333v1	0	1452
chrUn_NW_021818334v1	0	1411
chrUn_NW_021818335v1	0	11662
chrUn_NW_021818336v1	0	1430
chrUn_NW_021818337v1	0	1492
chrUn_NW_021818338v1	0	1394
chrUn_NW_021818339v1	0	1505
chrUn_NW_021818340v1	0	1502
chrUn_NW_021818341v1	0	1465
chrUn_NW_021818342v1	0	1502
chrUn_NW_021818343v1	0	1396
chrUn_NW_021818344v1	0	1446
chrUn_NW_021818345v1	0	1493
chrUn_NW_021818346v1	0	45804
chrUn_NW_021818347v1	0	20329
chrUn_NW_021818348v1	0	1491
chrUn_NW_021818349v1	0	1495
chrUn_NW_021818350v1	0	1444
chrUn_NW_021818351v1	0	1494
chrUn_NW_021818352v1	0	1494
chrUn_NW_021818353v1	0	1493
chrUn_NW_021818354v1	0	1492
chrUn_NW_021818355v1	0	1459
chrUn_NW_021818356v1	0	1491
chrUn_NW_021818357v1	0	1491
chrUn_NW_021818358v1	0	12250
chrUn_NW_021818359v1	0	1491
chrUn_NW_021818360v1	0	1447
chrUn_NW_021818361v1	0	1486
chrUn_NW_021818362v1	0	1426
chrUn_NW_021818363v1	0	1411
chrUn_NW_021818364v1	0	1484
chrUn_NW_021818365v1	0	1481
chrUn_NW_021818366v1	0	1474
chrUn_NW_021818367v1	0	1451
chrUn_NW_021818368v1	0	1439
chrUn_NW_021818369v1	0	13864
chrUn_NW_021818370v1	0	1422
chrUn_NW_021818371v1	0	1431
chrUn_NW_021818372v1	0	1389
chrUn_NW_021818373v1	0	1468
chrUn_NW_021818374v1	0	1381
chrUn_NW_021818375v1	0	1349
chrUn_NW_021818376v1	0	1468
chrUn_NW_021818377v1	0	1468
chrUn_NW_021818378v1	0	1466
chrUn_NW_021818379v1	0	1466
chrUn_NW_021818380v1	0	12154
chrUn_NW_021818381v1	0	1466
chrUn_NW_021818382v1	0	1466
chrUn_NW_021818383v1	0	1463
chrUn_NW_021818384v1	0	1462
chrUn_NW_021818385v1	0	1412
chrUn_NW_021818386v1	0	1452
chrUn_NW_021818387v1	0	1459
chrUn_NW_021818388v1	0	1399
chrUn_NW_021818389v1	0	1459
chrUn_NW_021818390v1	0	1398
chrUn_NW_021818391v1	0	12518
chrUn_NW_021818392v1	0	1458
chrUn_NW_021818393v1	0	1390
chrUn_NW_021818394v1	0	1457
chrUn_NW_021818395v1	0	1453
chrUn_NW_021818396v1	0	1348
chrUn_NW_021818397v1	0	1452
chrUn_NW_021818398v1	0	1411
chrUn_NW_021818399v1	0	1452
chrUn_NW_021818400v1	0	1451
chrUn_NW_021818401v1	0	1435
chrUn_NW_021818402v1	0	15440
chrUn_NW_021818403v1	0	1389
chrUn_NW_021818404v1	0	1449
chrUn_NW_021818405v1	0	1388
chrUn_NW_021818406v1	0	1393
chrUn_NW_021818407v1	0	1448
chrUn_NW_021818408v1	0	1448
chrUn_NW_021818409v1	0	1447
chrUn_NW_021818410v1	0	1447
chrUn_NW_021818411v1	0	1416
chrUn_NW_021818412v1	0	1446
chrUn_NW_021818413v1	0	20208
chrUn_NW_021818414v1	0	1446
chrUn_NW_021818415v1	0	1399
chrUn_NW_021818416v1	0	1411
chrUn_NW_021818417v1	0	1406
chrUn_NW_021818418v1	0	1327
chrUn_NW_021818419v1	0	1442
chrUn_NW_021818420v1	0	1442
chrUn_NW_021818421v1	0	1442
chrUn_NW_021818422v1	0	1383
chrUn_NW_021818423v1	0	1380
chrUn_NW_021818424v1	0	22016
chrUn_NW_021818425v1	0	1389
chrUn_NW_021818426v1	0	1336
chrUn_NW_021818427v1	0	1350
chrUn_NW_021818428v1	0	1374
chrUn_NW_021818429v1	0	1384
chrUn_NW_021818430v1	0	1431
chrUn_NW_021818431v1	0	1375
chrUn_NW_021818432v1	0	1346
chrUn_NW_021818433v1	0	1313
chrUn_NW_021818434v1	0	31072
chrUn_NW_021818435v1	0	18542
chrUn_NW_021818436v1	0	1407
chrUn_NW_021818437v1	0	1428
chrUn_NW_021818438v1	0	1317
chrUn_NW_021818439v1	0	1426
chrUn_NW_021818440v1	0	1404
chrUn_NW_021818441v1	0	1423
chrUn_NW_021818442v1	0	1422
chrUn_NW_021818443v1	0	1421
chrUn_NW_021818444v1	0	1421
chrUn_NW_021818445v1	0	1363
chrUn_NW_021818446v1	0	11890
chrUn_NW_021818447v1	0	1365
chrUn_NW_021818448v1	0	1419
chrUn_NW_021818449v1	0	1396
chrUn_NW_021818450v1	0	1386
chrUn_NW_021818451v1	0	1400
chrUn_NW_021818452v1	0	1361
chrUn_NW_021818453v1	0	1415
chrUn_NW_021818454v1	0	1337
chrUn_NW_021818455v1	0	1391
chrUn_NW_021818456v1	0	1414
chrUn_NW_021818457v1	0	11769
chrUn_NW_021818458v1	0	25444
chrUn_NW_021818459v1	0	1412
chrUn_NW_021818460v1	0	1411
chrUn_NW_021818461v1	0	1411
chrUn_NW_021818462v1	0	1348
chrUn_NW_021818463v1	0	1410
chrUn_NW_021818464v1	0	1352
chrUn_NW_021818465v1	0	1299
chrUn_NW_021818466v1	0	1406
chrUn_NW_021818467v1	0	1406
chrUn_NW_021818468v1	0	1403
chrUn_NW_021818469v1	0	11276
chrUn_NW_021818470v1	0	1402
chrUn_NW_021818471v1	0	1285
chrUn_NW_021818472v1	0	1284
chrUn_NW_021818473v1	0	1399
chrUn_NW_021818474v1	0	1361
chrUn_NW_021818475v1	0	1390
chrUn_NW_021818476v1	0	1338
chrUn_NW_021818477v1	0	1395
chrUn_NW_021818478v1	0	1335
chrUn_NW_021818479v1	0	1394
chrUn_NW_021818480v1	0	11615
chrUn_NW_021818481v1	0	1394
chrUn_NW_021818482v1	0	1392
chrUn_NW_021818483v1	0	1392
chrUn_NW_021818484v1	0	1391
chrUn_NW_021818485v1	0	1304
chrUn_NW_021818486v1	0	1390
chrUn_NW_021818487v1	0	1363
chrUn_NW_021818488v1	0	1327
chrUn_NW_021818489v1	0	1302
chrUn_NW_021818490v1	0	1329
chrUn_NW_021818491v1	0	18485
chrUn_NW_021818492v1	0	1384
chrUn_NW_021818493v1	0	1278
chrUn_NW_021818494v1	0	1331
chrUn_NW_021818495v1	0	1383
chrUn_NW_021818496v1	0	1312
chrUn_NW_021818497v1	0	1381
chrUn_NW_021818498v1	0	1275
chrUn_NW_021818499v1	0	1306
chrUn_NW_021818500v1	0	1381
chrUn_NW_021818501v1	0	1287
chrUn_NW_021818502v1	0	51088
chrUn_NW_021818503v1	0	1318
chrUn_NW_021818504v1	0	1377
chrUn_NW_021818505v1	0	1376
chrUn_NW_021818506v1	0	1376
chrUn_NW_021818507v1	0	1376
chrUn_NW_021818508v1	0	1372
chrUn_NW_021818509v1	0	1374
chrUn_NW_021818510v1	0	1374
chrUn_NW_021818511v1	0	1374
chrUn_NW_021818512v1	0	1374
chrUn_NW_021818513v1	0	15897
chrUn_NW_021818514v1	0	1373
chrUn_NW_021818515v1	0	1371
chrUn_NW_021818516v1	0	1284
chrUn_NW_021818517v1	0	1330
chrUn_NW_021818518v1	0	1367
chrUn_NW_021818519v1	0	1368
chrUn_NW_021818520v1	0	1365
chrUn_NW_021818521v1	0	1270
chrUn_NW_021818522v1	0	1364
chrUn_NW_021818523v1	0	1363
chrUn_NW_021818524v1	0	20241
chrUn_NW_021818525v1	0	1362
chrUn_NW_021818526v1	0	1301
chrUn_NW_021818527v1	0	1359
chrUn_NW_021818528v1	0	1357
chrUn_NW_021818529v1	0	1357
chrUn_NW_021818530v1	0	1328
chrUn_NW_021818531v1	0	1295
chrUn_NW_021818532v1	0	1343
chrUn_NW_021818533v1	0	1313
chrUn_NW_021818534v1	0	1353
chrUn_NW_021818535v1	0	9092
chrUn_NW_021818536v1	0	1353
chrUn_NW_021818537v1	0	1328
chrUn_NW_021818538v1	0	1353
chrUn_NW_021818539v1	0	1351
chrUn_NW_021818540v1	0	1351
chrUn_NW_021818541v1	0	1351
chrUn_NW_021818542v1	0	1303
chrUn_NW_021818543v1	0	1314
chrUn_NW_021818544v1	0	1291
chrUn_NW_021818545v1	0	1349
chrUn_NW_021818546v1	0	24104
chrUn_NW_021818547v1	0	1258
chrUn_NW_021818548v1	0	1347
chrUn_NW_021818549v1	0	1347
chrUn_NW_021818550v1	0	1346
chrUn_NW_021818551v1	0	1346
chrUn_NW_021818552v1	0	1342
chrUn_NW_021818553v1	0	1328
chrUn_NW_021818554v1	0	1279
chrUn_NW_021818555v1	0	1274
chrUn_NW_021818556v1	0	1333
chrUn_NW_021818557v1	0	19692
chrUn_NW_021818558v1	0	1295
chrUn_NW_021818559v1	0	1308
chrUn_NW_021818560v1	0	1328
chrUn_NW_021818561v1	0	1328
chrUn_NW_021818562v1	0	1328
chrUn_NW_021818563v1	0	1318
chrUn_NW_021818564v1	0	1273
chrUn_NW_021818565v1	0	1219
chrUn_NW_021818566v1	0	1231
chrUn_NW_021818567v1	0	1322
chrUn_NW_021818568v1	0	11074
chrUn_NW_021818569v1	0	20602
chrUn_NW_021818570v1	0	1261
chrUn_NW_021818571v1	0	1265
chrUn_NW_021818572v1	0	1318
chrUn_NW_021818573v1	0	1262
chrUn_NW_021818574v1	0	1317
chrUn_NW_021818575v1	0	1316
chrUn_NW_021818576v1	0	1211
chrUn_NW_021818577v1	0	1315
chrUn_NW_021818578v1	0	1254
chrUn_NW_021818579v1	0	1314
chrUn_NW_021818580v1	0	11661
chrUn_NW_021818581v1	0	1312
chrUn_NW_021818582v1	0	1311
chrUn_NW_021818583v1	0	1250
chrUn_NW_021818584v1	0	1311
chrUn_NW_021818585v1	0	1249
chrUn_NW_021818586v1	0	1249
chrUn_NW_021818587v1	0	1307
chrUn_NW_021818588v1	0	1307
chrUn_NW_021818589v1	0	1306
chrUn_NW_021818590v1	0	1246
chrUn_NW_021818591v1	0	11347
chrUn_NW_021818592v1	0	1249
chrUn_NW_021818593v1	0	1203
chrUn_NW_021818594v1	0	1305
chrUn_NW_021818595v1	0	1303
chrUn_NW_021818596v1	0	1303
chrUn_NW_021818597v1	0	1300
chrUn_NW_021818598v1	0	1300
chrUn_NW_021818599v1	0	57734
chrUn_NW_021818600v1	0	1298
chrUn_NW_021818601v1	0	1239
chrUn_NW_021818602v1	0	12943
chrUn_NW_021818603v1	0	1194
chrUn_NW_021818604v1	0	1190
chrUn_NW_021818605v1	0	1202
chrUn_NW_021818606v1	0	1294
chrUn_NW_021818607v1	0	1237
chrUn_NW_021818608v1	0	1256
chrUn_NW_021818609v1	0	1294
chrUn_NW_021818610v1	0	1265
chrUn_NW_021818611v1	0	1231
chrUn_NW_021818612v1	0	1289
chrUn_NW_021818613v1	0	11018
chrUn_NW_021818614v1	0	1289
chrUn_NW_021818615v1	0	1286
chrUn_NW_021818616v1	0	1287
chrUn_NW_021818617v1	0	1287
chrUn_NW_021818618v1	0	1284
chrUn_NW_021818619v1	0	1222
chrUn_NW_021818620v1	0	1222
chrUn_NW_021818621v1	0	1283
chrUn_NW_021818622v1	0	1283
chrUn_NW_021818623v1	0	1282
chrUn_NW_021818624v1	0	11142
chrUn_NW_021818625v1	0	1266
chrUn_NW_021818626v1	0	1281
chrUn_NW_021818627v1	0	1280
chrUn_NW_021818628v1	0	1221
chrUn_NW_021818629v1	0	1280
chrUn_NW_021818630v1	0	1219
chrUn_NW_021818631v1	0	1220
chrUn_NW_021818632v1	0	1249
chrUn_NW_021818633v1	0	1276
chrUn_NW_021818634v1	0	1275
chrUn_NW_021818635v1	0	9181
chrUn_NW_021818636v1	0	1164
chrUn_NW_021818637v1	0	1275
chrUn_NW_021818638v1	0	1219
chrUn_NW_021818639v1	0	1274
chrUn_NW_021818640v1	0	1236
chrUn_NW_021818641v1	0	1225
chrUn_NW_021818642v1	0	1271
chrUn_NW_021818643v1	0	1197
chrUn_NW_021818644v1	0	1270
chrUn_NW_021818645v1	0	1187
chrUn_NW_021818646v1	0	10966
chrUn_NW_021818647v1	0	1269
chrUn_NW_021818648v1	0	1196
chrUn_NW_021818649v1	0	1267
chrUn_NW_021818650v1	0	1209
chrUn_NW_021818651v1	0	1184
chrUn_NW_021818652v1	0	1210
chrUn_NW_021818653v1	0	1265
chrUn_NW_021818654v1	0	1265
chrUn_NW_021818655v1	0	1208
chrUn_NW_021818656v1	0	1264
chrUn_NW_021818657v1	0	16307
chrUn_NW_021818658v1	0	1149
chrUn_NW_021818659v1	0	1266
chrUn_NW_021818660v1	0	1261
chrUn_NW_021818661v1	0	1264
chrUn_NW_021818662v1	0	1138
chrUn_NW_021818663v1	0	1259
chrUn_NW_021818664v1	0	1218
chrUn_NW_021818665v1	0	1258
chrUn_NW_021818666v1	0	1200
chrUn_NW_021818667v1	0	10871
chrUn_NW_021818668v1	0	1187
chrUn_NW_021818669v1	0	1178
chrUn_NW_021818670v1	0	1171
chrUn_NW_021818671v1	0	1190
chrUn_NW_021818672v1	0	1248
chrUn_NW_021818673v1	0	1232
chrUn_NW_021818674v1	0	1255
chrUn_NW_021818675v1	0	1258
chrUn_NW_021818676v1	0	1255
chrUn_NW_021818677v1	0	1254
chrUn_NW_021818678v1	0	9933
chrUn_NW_021818679v1	0	18681
chrUn_NW_021818680v1	0	1254
chrUn_NW_021818681v1	0	1193
chrUn_NW_021818682v1	0	1252
chrUn_NW_021818683v1	0	1252
chrUn_NW_021818684v1	0	1252
chrUn_NW_021818685v1	0	1251
chrUn_NW_021818686v1	0	1191
chrUn_NW_021818687v1	0	1250
chrUn_NW_021818688v1	0	1249
chrUn_NW_021818689v1	0	1222
chrUn_NW_021818690v1	0	10488
chrUn_NW_021818691v1	0	1187
chrUn_NW_021818692v1	0	1248
chrUn_NW_021818693v1	0	1187
chrUn_NW_021818694v1	0	1140
chrUn_NW_021818695v1	0	1246
chrUn_NW_021818696v1	0	1237
chrUn_NW_021818697v1	0	1245
chrUn_NW_021818698v1	0	1179
chrUn_NW_021818699v1	0	1194
chrUn_NW_021818700v1	0	1242
chrUn_NW_021818701v1	0	10426
chrUn_NW_021818702v1	0	1241
chrUn_NW_021818703v1	0	1235
chrUn_NW_021818704v1	0	1181
chrUn_NW_021818705v1	0	1217
chrUn_NW_021818706v1	0	1240
chrUn_NW_021818707v1	0	1240
chrUn_NW_021818708v1	0	1239
chrUn_NW_021818709v1	0	1239
chrUn_NW_021818710v1	0	1237
chrUn_NW_021818711v1	0	1191
chrUn_NW_021818712v1	0	14717
chrUn_NW_021818713v1	0	1206
chrUn_NW_021818714v1	0	1177
chrUn_NW_021818715v1	0	1232
chrUn_NW_021818716v1	0	1230
chrUn_NW_021818717v1	0	1174
chrUn_NW_021818718v1	0	1170
chrUn_NW_021818719v1	0	1223
chrUn_NW_021818720v1	0	1170
chrUn_NW_021818721v1	0	1223
chrUn_NW_021818722v1	0	1176
chrUn_NW_021818723v1	0	14287
chrUn_NW_021818724v1	0	1222
chrUn_NW_021818725v1	0	1179
chrUn_NW_021818726v1	0	1221
chrUn_NW_021818727v1	0	1221
chrUn_NW_021818728v1	0	1216
chrUn_NW_021818729v1	0	1220
chrUn_NW_021818730v1	0	1220
chrUn_NW_021818731v1	0	1164
chrUn_NW_021818732v1	0	1218
chrUn_NW_021818733v1	0	1166
chrUn_NW_021818734v1	0	10143
chrUn_NW_021818735v1	0	1217
chrUn_NW_021818736v1	0	1165
chrUn_NW_021818737v1	0	1215
chrUn_NW_021818738v1	0	1215
chrUn_NW_021818739v1	0	1214
chrUn_NW_021818740v1	0	1156
chrUn_NW_021818741v1	0	1252
chrUn_NW_021818742v1	0	1212
chrUn_NW_021818743v1	0	1212
chrUn_NW_021818744v1	0	1160
chrUn_NW_021818745v1	0	16140
chrUn_NW_021818746v1	0	1209
chrUn_NW_021818747v1	0	1209
chrUn_NW_021818748v1	0	1209
chrUn_NW_021818749v1	0	1209
chrUn_NW_021818750v1	0	1204
chrUn_NW_021818751v1	0	1208
chrUn_NW_021818752v1	0	1207
chrUn_NW_021818753v1	0	1207
chrUn_NW_021818754v1	0	1206
chrUn_NW_021818755v1	0	1206
chrUn_NW_021818756v1	0	15884
chrUn_NW_021818757v1	0	1204
chrUn_NW_021818758v1	0	1142
chrUn_NW_021818759v1	0	1203
chrUn_NW_021818760v1	0	1153
chrUn_NW_021818761v1	0	1202
chrUn_NW_021818762v1	0	1202
chrUn_NW_021818763v1	0	1202
chrUn_NW_021818764v1	0	1202
chrUn_NW_021818765v1	0	1202
chrUn_NW_021818766v1	0	1201
chrUn_NW_021818767v1	0	10106
chrUn_NW_021818768v1	0	1083
chrUn_NW_021818769v1	0	1141
chrUn_NW_021818770v1	0	1193
chrUn_NW_021818771v1	0	1201
chrUn_NW_021818772v1	0	1138
chrUn_NW_021818773v1	0	1190
chrUn_NW_021818774v1	0	1198
chrUn_NW_021818775v1	0	1196
chrUn_NW_021818776v1	0	1139
chrUn_NW_021818777v1	0	1195
chrUn_NW_021818778v1	0	13461
chrUn_NW_021818779v1	0	1170
chrUn_NW_021818780v1	0	1077
chrUn_NW_021818781v1	0	1133
chrUn_NW_021818782v1	0	1155
chrUn_NW_021818783v1	0	1191
chrUn_NW_021818784v1	0	1190
chrUn_NW_021818785v1	0	1190
chrUn_NW_021818786v1	0	1188
chrUn_NW_021818787v1	0	1130
chrUn_NW_021818788v1	0	1120
chrUn_NW_021818789v1	0	16228
chrUn_NW_021818790v1	0	19107
chrUn_NW_021818791v1	0	1187
chrUn_NW_021818792v1	0	1197
chrUn_NW_021818793v1	0	1186
chrUn_NW_021818794v1	0	1186
chrUn_NW_021818795v1	0	1186
chrUn_NW_021818796v1	0	1185
chrUn_NW_021818797v1	0	1184
chrUn_NW_021818798v1	0	1074
chrUn_NW_021818799v1	0	1090
chrUn_NW_021818800v1	0	1123
chrUn_NW_021818801v1	0	34247
chrUn_NW_021818802v1	0	1092
chrUn_NW_021818803v1	0	1182
chrUn_NW_021818804v1	0	1182
chrUn_NW_021818805v1	0	1125
chrUn_NW_021818806v1	0	1180
chrUn_NW_021818807v1	0	1180
chrUn_NW_021818808v1	0	1179
chrUn_NW_021818809v1	0	1179
chrUn_NW_021818810v1	0	1178
chrUn_NW_021818811v1	0	1178
chrUn_NW_021818812v1	0	12447
chrUn_NW_021818813v1	0	1178
chrUn_NW_021818814v1	0	1178
chrUn_NW_021818815v1	0	1118
chrUn_NW_021818816v1	0	1149
chrUn_NW_021818817v1	0	1118
chrUn_NW_021818818v1	0	1176
chrUn_NW_021818819v1	0	1150
chrUn_NW_021818820v1	0	1114
chrUn_NW_021818821v1	0	1173
chrUn_NW_021818822v1	0	1171
chrUn_NW_021818823v1	0	9786
chrUn_NW_021818824v1	0	1172
chrUn_NW_021818825v1	0	1096
chrUn_NW_021818826v1	0	1169
chrUn_NW_021818827v1	0	1168
chrUn_NW_021818828v1	0	1122
chrUn_NW_021818829v1	0	1122
chrUn_NW_021818830v1	0	1163
chrUn_NW_021818831v1	0	1155
chrUn_NW_021818832v1	0	1082
chrUn_NW_021818833v1	0	1142
chrUn_NW_021818834v1	0	9769
chrUn_NW_021818835v1	0	1121
chrUn_NW_021818836v1	0	1160
chrUn_NW_021818837v1	0	1054
chrUn_NW_021818838v1	0	1110
chrUn_NW_021818839v1	0	1124
chrUn_NW_021818840v1	0	1044
chrUn_NW_021818841v1	0	1158
chrUn_NW_021818842v1	0	1129
chrUn_NW_021818843v1	0	1157
chrUn_NW_021818844v1	0	1156
chrUn_NW_021818845v1	0	9858
chrUn_NW_021818846v1	0	1099
chrUn_NW_021818847v1	0	1076
chrUn_NW_021818848v1	0	1152
chrUn_NW_021818849v1	0	1153
chrUn_NW_021818850v1	0	1152
chrUn_NW_021818851v1	0	1139
chrUn_NW_021818852v1	0	1151
chrUn_NW_021818853v1	0	1111
chrUn_NW_021818854v1	0	1109
chrUn_NW_021818855v1	0	13122
chrUn_NW_021818856v1	0	1151
chrUn_NW_021818857v1	0	1133
chrUn_NW_021818858v1	0	1150
chrUn_NW_021818859v1	0	1149
chrUn_NW_021818860v1	0	1149
chrUn_NW_021818861v1	0	1148
chrUn_NW_021818862v1	0	1147
chrUn_NW_021818863v1	0	1147
chrUn_NW_021818864v1	0	1076
chrUn_NW_021818865v1	0	1145
chrUn_NW_021818866v1	0	9682
chrUn_NW_021818867v1	0	1143
chrUn_NW_021818868v1	0	1144
chrUn_NW_021818869v1	0	1143
chrUn_NW_021818870v1	0	1143
chrUn_NW_021818871v1	0	1143
chrUn_NW_021818872v1	0	1092
chrUn_NW_021818873v1	0	1141
chrUn_NW_021818874v1	0	1079
chrUn_NW_021818875v1	0	1137
chrUn_NW_021818876v1	0	1136
chrUn_NW_021818877v1	0	9727
chrUn_NW_021818878v1	0	1082
chrUn_NW_021818879v1	0	1083
chrUn_NW_021818880v1	0	1127
chrUn_NW_021818881v1	0	1099
chrUn_NW_021818882v1	0	1135
chrUn_NW_021818883v1	0	1014
chrUn_NW_021818884v1	0	1131
chrUn_NW_021818885v1	0	1088
chrUn_NW_021818886v1	0	1129
chrUn_NW_021818887v1	0	1129
chrUn_NW_021818888v1	0	12834
chrUn_NW_021818889v1	0	1129
chrUn_NW_021818890v1	0	1128
chrUn_NW_021818891v1	0	1077
chrUn_NW_021818892v1	0	1128
chrUn_NW_021818893v1	0	1126
chrUn_NW_021818894v1	0	1078
chrUn_NW_021818895v1	0	1125
chrUn_NW_021818896v1	0	1125
chrUn_NW_021818897v1	0	1079
chrUn_NW_021818898v1	0	1124
chrUn_NW_021818899v1	0	9981
chrUn_NW_021818900v1	0	17873
chrUn_NW_021818901v1	0	1124
chrUn_NW_021818902v1	0	1065
chrUn_NW_021818903v1	0	1123
chrUn_NW_021818904v1	0	1061
chrUn_NW_021818905v1	0	1064
chrUn_NW_021818906v1	0	1020
chrUn_NW_021818907v1	0	1071
chrUn_NW_021818908v1	0	1120
chrUn_NW_021818909v1	0	1119
chrUn_NW_021818910v1	0	1063
chrUn_NW_021818911v1	0	14668
chrUn_NW_021818912v1	0	1117
chrUn_NW_021818913v1	0	1049
chrUn_NW_021818914v1	0	1086
chrUn_NW_021818915v1	0	1115
chrUn_NW_021818916v1	0	1115
chrUn_NW_021818917v1	0	1089
chrUn_NW_021818918v1	0	1051
chrUn_NW_021818919v1	0	1112
chrUn_NW_021818920v1	0	1107
chrUn_NW_021818921v1	0	1033
chrUn_NW_021818922v1	0	9779
chrUn_NW_021818923v1	0	1109
chrUn_NW_021818924v1	0	1109
chrUn_NW_021818925v1	0	1109
chrUn_NW_021818926v1	0	1056
chrUn_NW_021818927v1	0	1108
chrUn_NW_021818928v1	0	1048
chrUn_NW_021818929v1	0	1108
chrUn_NW_021818930v1	0	1108
chrUn_NW_021818931v1	0	1006
chrUn_NW_021818932v1	0	1106
chrUn_NW_021818933v1	0	9597
chrUn_NW_021818934v1	0	1106
chrUn_NW_021818935v1	0	1106
chrUn_NW_021818936v1	0	1105
chrUn_NW_021818937v1	0	1105
chrUn_NW_021818938v1	0	1105
chrUn_NW_021818939v1	0	1105
chrUn_NW_021818940v1	0	1105
chrUn_NW_021818941v1	0	1098
chrUn_NW_021818942v1	0	1104
chrUn_NW_021818943v1	0	1103
chrUn_NW_021818944v1	0	651164
chrUn_NW_021818945v1	0	1060
chrUn_NW_021818946v1	0	1043
chrUn_NW_021818947v1	0	1016
chrUn_NW_021818948v1	0	1026
chrUn_NW_021818949v1	0	1003
chrUn_NW_021818950v1	0	1101
chrUn_NW_021818951v1	0	1098
chrUn_NW_021818952v1	0	1098
chrUn_NW_021818953v1	0	1038
chrUn_NW_021818954v1	0	1038
chrUn_NW_021818955v1	0	7195
chrUn_NW_021818956v1	0	1096
chrUn_NW_021818957v1	0	1096
chrUn_NW_021818958v1	0	1071
chrUn_NW_021818959v1	0	1096
chrUn_NW_021818960v1	0	1056
chrUn_NW_021818961v1	0	985
chrUn_NW_021818962v1	0	1090
chrUn_NW_021818963v1	0	1090
chrUn_NW_021818964v1	0	1063
chrUn_NW_021818965v1	0	1090
chrUn_NW_021818966v1	0	11385
chrUn_NW_021818967v1	0	1035
chrUn_NW_021818968v1	0	1045
chrUn_NW_021818969v1	0	991
chrUn_NW_021818970v1	0	1086
chrUn_NW_021818971v1	0	1086
chrUn_NW_021818972v1	0	1024
chrUn_NW_021818973v1	0	1036
chrUn_NW_021818974v1	0	1081
chrUn_NW_021818975v1	0	1081
chrUn_NW_021818976v1	0	1070
chrUn_NW_021818977v1	0	14657
chrUn_NW_021818978v1	0	1080
chrUn_NW_021818979v1	0	1077
chrUn_NW_021818980v1	0	1028
chrUn_NW_021818981v1	0	1076
chrUn_NW_021818982v1	0	1076
chrUn_NW_021818983v1	0	1076
chrUn_NW_021818984v1	0	986
chrUn_NW_021818985v1	0	1075
chrUn_NW_021818986v1	0	1074
chrUn_NW_021818987v1	0	1024
chrUn_NW_021818988v1	0	10313
chrUn_NW_021818989v1	0	1072
chrUn_NW_021818990v1	0	1072
chrUn_NW_021818991v1	0	1071
chrUn_NW_021818992v1	0	1027
chrUn_NW_021818993v1	0	1069
chrUn_NW_021818994v1	0	1069
chrUn_NW_021818995v1	0	973
chrUn_NW_021818996v1	0	1068
chrUn_NW_021818997v1	0	1068
chrUn_NW_021818998v1	0	960
chrUn_NW_021818999v1	0	9794
chrUn_NW_021819000v1	0	1068
chrUn_NW_021819001v1	0	1010
chrUn_NW_021819002v1	0	1067
chrUn_NW_021819003v1	0	1067
chrUn_NW_021819004v1	0	1066
chrUn_NW_021819005v1	0	1066
chrUn_NW_021819006v1	0	1064
chrUn_NW_021819007v1	0	1062
chrUn_NW_021819008v1	0	1021
chrUn_NW_021819009v1	0	1060
chrUn_NW_021819010v1	0	9150
chrUn_NW_021819011v1	0	29100
chrUn_NW_021819012v1	0	1058
chrUn_NW_021819013v1	0	996
chrUn_NW_021819014v1	0	1057
chrUn_NW_021819015v1	0	1002
chrUn_NW_021819016v1	0	1056
chrUn_NW_021819017v1	0	937
chrUn_NW_021819018v1	0	1054
chrUn_NW_021819019v1	0	1052
chrUn_NW_021819020v1	0	1052
chrUn_NW_021819021v1	0	1043
chrUn_NW_021819022v1	0	9507
chrUn_NW_021819023v1	0	1003
chrUn_NW_021819024v1	0	1050
chrUn_NW_021819025v1	0	1050
chrUn_NW_021819026v1	0	1050
chrUn_NW_021819027v1	0	1023
chrUn_NW_021819028v1	0	1048
chrUn_NW_021819029v1	0	1048
chrUn_NW_021819030v1	0	1047
chrUn_NW_021819031v1	0	1046
chrUn_NW_021819032v1	0	987
chrUn_NW_021819033v1	0	9341
chrUn_NW_021819034v1	0	1045
chrUn_NW_021819035v1	0	1045
chrUn_NW_021819036v1	0	1044
chrUn_NW_021819037v1	0	1019
chrUn_NW_021819038v1	0	1044
chrUn_NW_021819039v1	0	990
chrUn_NW_021819040v1	0	982
chrUn_NW_021819041v1	0	1043
chrUn_NW_021819042v1	0	983
chrUn_NW_021819043v1	0	1043
chrUn_NW_021819044v1	0	10667
chrUn_NW_021819045v1	0	987
chrUn_NW_021819046v1	0	1039
chrUn_NW_021819047v1	0	1039
chrUn_NW_021819048v1	0	1039
chrUn_NW_021819049v1	0	1036
chrUn_NW_021819050v1	0	1035
chrUn_NW_021819051v1	0	973
chrUn_NW_021819052v1	0	1034
chrUn_NW_021819053v1	0	1018
chrUn_NW_021819054v1	0	1031
chrUn_NW_021819055v1	0	9657
chrUn_NW_021819056v1	0	994
chrUn_NW_021819057v1	0	973
chrUn_NW_021819058v1	0	914
chrUn_NW_021819059v1	0	1029
chrUn_NW_021819060v1	0	1029
chrUn_NW_021819061v1	0	1029
chrUn_NW_021819062v1	0	1029
chrUn_NW_021819063v1	0	1029
chrUn_NW_021819064v1	0	1029
chrUn_NW_021819065v1	0	967
chrUn_NW_021819066v1	0	15096
chrUn_NW_021819067v1	0	1026
chrUn_NW_021819068v1	0	1025
chrUn_NW_021819069v1	0	1024
chrUn_NW_021819070v1	0	1024
chrUn_NW_021819071v1	0	1024
chrUn_NW_021819072v1	0	925
chrUn_NW_021819073v1	0	1023
chrUn_NW_021819074v1	0	983
chrUn_NW_021819075v1	0	965
chrUn_NW_021819076v1	0	1019
chrUn_NW_021819077v1	0	16679
chrUn_NW_021819078v1	0	969
chrUn_NW_021819079v1	0	982
chrUn_NW_021819080v1	0	1018
chrUn_NW_021819081v1	0	1018
chrUn_NW_021819082v1	0	948
chrUn_NW_021819083v1	0	1016
chrUn_NW_021819084v1	0	913
chrUn_NW_021819085v1	0	940
chrUn_NW_021819086v1	0	1013
chrUn_NW_021819087v1	0	1013
chrUn_NW_021819088v1	0	9445
chrUn_NW_021819089v1	0	1012
chrUn_NW_021819090v1	0	958
chrUn_NW_021819091v1	0	1009
chrUn_NW_021819092v1	0	1009
chrUn_NW_021819093v1	0	947
chrUn_NW_021819094v1	0	1008
chrUn_NW_021819095v1	0	1003
chrUn_NW_021819096v1	0	1007
chrUn_NW_021819097v1	0	1005
chrUn_NW_021819098v1	0	1006
chrUn_NW_021819099v1	0	18365
chrUn_NW_021819100v1	0	1005
chrUn_NW_021819101v1	0	887
chrUn_NW_021819102v1	0	1003
chrUn_NW_021819103v1	0	1003
chrUn_NW_021819104v1	0	939
chrUn_NW_021819105v1	0	6084
chrUn_NW_021819106v1	0	66429
chrUn_NW_021819107v1	0	1259905
chrUn_NW_021819108v1	0	625591
chrUn_NW_021819109v1	0	310915
chrUn_NW_021819110v1	0	301342
chrUn_NW_021819111v1	0	13238
chrUn_NW_021819112v1	0	22712
chrUn_NW_021819113v1	0	237738
chrUn_NW_021819114v1	0	215183
chrUn_NW_021819115v1	0	243146
chrUn_NW_021819116v1	0	252956
chrUn_NW_021819117v1	0	217807
chrUn_NW_021819118v1	0	223909
chrUn_NW_021819119v1	0	218179
chrUn_NW_021819120v1	0	9051
chrUn_NW_021819121v1	0	236250
chrUn_NW_021819122v1	0	577636
chrUn_NW_021819123v1	0	159059
chrUn_NW_021819124v1	0	203252
chrUn_NW_021819125v1	0	471614
chrUn_NW_021819126v1	0	200387
chrUn_NW_021819127v1	0	184825
chrUn_NW_021819128v1	0	182129
chrUn_NW_021819129v1	0	13435
chrUn_NW_021819130v1	0	159792
chrUn_NW_021819131v1	0	166364
chrUn_NW_021819132v1	0	167520
chrUn_NW_021819133v1	0	139232
chrUn_NW_021819134v1	0	152253
chrUn_NW_021819135v1	0	371759
chrUn_NW_021819136v1	0	158971
chrUn_NW_021819137v1	0	152642
chrUn_NW_021819138v1	0	8567
chrUn_NW_021819139v1	0	178158
chrUn_NW_021819140v1	0	240047
chrUn_NW_021819141v1	0	142037
chrUn_NW_021819142v1	0	135457
chrUn_NW_021819143v1	0	153563
chrUn_NW_021819144v1	0	188814
chrUn_NW_021819145v1	0	324450
chrUn_NW_021819146v1	0	301624
chrUn_NW_021819147v1	0	141634
chrUn_NW_021819148v1	0	13219
chrUn_NW_021819149v1	0	147514
chrUn_NW_021819150v1	0	217504
chrUn_NW_021819151v1	0	117835
chrUn_NW_021819152v1	0	137355
chrUn_NW_021819153v1	0	139105
chrUn_NW_021819154v1	0	119796
chrUn_NW_021819155v1	0	124531
chrUn_NW_021819156v1	0	133141
chrUn_NW_021819157v1	0	134856
chrUn_NW_021819158v1	0	8926
chrUn_NW_021819159v1	0	214984
chrUn_NW_021819160v1	0	93264
chrUn_NW_021819161v1	0	136535
chrUn_NW_021819162v1	0	109036
chrUn_NW_021819163v1	0	112479
chrUn_NW_021819164v1	0	88948
chrUn_NW_021819165v1	0	109476
chrUn_NW_021819166v1	0	96514
chrUn_NW_021819167v1	0	110162
chrUn_NW_021819168v1	0	9211
chrUn_NW_021819169v1	0	85748
chrUn_NW_021819170v1	0	80428
chrUn_NW_021819171v1	0	89460
chrUn_NW_021819172v1	0	80129
chrUn_NW_021819173v1	0	205104
chrUn_NW_021819174v1	0	84901
chrUn_NW_021819175v1	0	89267
chrUn_NW_021819176v1	0	93647
chrUn_NW_021819177v1	0	80885
chrUn_NW_021819178v1	0	97583
chrUn_NW_021819179v1	0	8498
chrUn_NW_021819180v1	0	100640
chrUn_NW_021819181v1	0	131186
chrUn_NW_021819182v1	0	68490
chrUn_NW_021819183v1	0	99953
chrUn_NW_021819184v1	0	72266
chrUn_NW_021819185v1	0	91652
chrUn_NW_021819186v1	0	99891
chrUn_NW_021819187v1	0	76045
chrUn_NW_021819188v1	0	97084
chrUn_NW_021819189v1	0	77362
chrUn_NW_021819190v1	0	8652
chrUn_NW_021819191v1	0	90413
chrUn_NW_021819192v1	0	68596
chrUn_NW_021819193v1	0	81249
chrUn_NW_021819194v1	0	71705
chrUn_NW_021819195v1	0	74241
chrUn_NW_021819196v1	0	64929
chrUn_NW_021819197v1	0	61019
chrUn_NW_021819198v1	0	59542
chrUn_NW_021819199v1	0	68157
chrUn_NW_021819200v1	0	78879
chrUn_NW_021819201v1	0	11396
chrUn_NW_021819202v1	0	56973
chrUn_NW_021819203v1	0	84196
chrUn_NW_021819204v1	0	96381
chrUn_NW_021819205v1	0	68125
chrUn_NW_021819206v1	0	65422
chrUn_NW_021819207v1	0	63115
chrUn_NW_021819208v1	0	72010
chrUn_NW_021819209v1	0	54326
chrUn_NW_021819210v1	0	107825
chrUn_NW_021819211v1	0	93998
chrUn_NW_021819212v1	0	12832
chrUn_NW_021819213v1	0	17917
chrUn_NW_021819214v1	0	57923
chrUn_NW_021819215v1	0	69223
chrUn_NW_021819216v1	0	70887
chrUn_NW_021819217v1	0	52880
chrUn_NW_021819218v1	0	54715
chrUn_NW_021819219v1	0	48926
chrUn_NW_021819220v1	0	63495
chrUn_NW_021819221v1	0	50803
chrUn_NW_021819222v1	0	46647
chrUn_NW_021819223v1	0	53581
chrUn_NW_021819224v1	0	8807
chrUn_NW_021819225v1	0	48194
chrUn_NW_021819226v1	0	59430
chrUn_NW_021819227v1	0	45152
chrUn_NW_021819228v1	0	516200
chrUn_NW_021819229v1	0	43622
chrUn_NW_021819230v1	0	45104
chrUn_NW_021819231v1	0	51994
chrUn_NW_021819232v1	0	62571
chrUn_NW_021819233v1	0	44859
chrUn_NW_021819234v1	0	58818
chrUn_NW_021819235v1	0	8807
chrUn_NW_021819236v1	0	41709
chrUn_NW_021819237v1	0	61933
chrUn_NW_021819238v1	0	43862
chrUn_NW_021819239v1	0	43254
chrUn_NW_021819240v1	0	42514
chrUn_NW_021819241v1	0	49269
chrUn_NW_021819242v1	0	51369
chrUn_NW_021819243v1	0	65280
chrUn_NW_021819244v1	0	59526
chrUn_NW_021819245v1	0	38402
chrUn_NW_021819246v1	0	49880
chrUn_NW_021819247v1	0	44669
chrUn_NW_021819248v1	0	39074
chrUn_NW_021819249v1	0	45023
chrUn_NW_021819250v1	0	37338
chrUn_NW_021819251v1	0	47674
chrUn_NW_021819252v1	0	41913
chrUn_NW_021819253v1	0	54769
chrUn_NW_021819254v1	0	35290
chrUn_NW_021819255v1	0	15560
chrUn_NW_021819256v1	0	62574
chrUn_NW_021819257v1	0	58277
chrUn_NW_021819258v1	0	36712
chrUn_NW_021819259v1	0	57294
chrUn_NW_021819260v1	0	54441
chrUn_NW_021819261v1	0	31718
chrUn_NW_021819262v1	0	35377
chrUn_NW_021819263v1	0	39968
chrUn_NW_021819264v1	0	44210
chrUn_NW_021819265v1	0	56498
chrUn_NW_021819266v1	0	13975
chrUn_NW_021819267v1	0	47789
chrUn_NW_021819268v1	0	34692
chrUn_NW_021819269v1	0	47413
chrUn_NW_021819270v1	0	36859
chrUn_NW_021819271v1	0	742862
chrUn_NW_021819272v1	0	40002
chrUn_NW_021819273v1	0	51794
chrUn_NW_021819274v1	0	31966
chrUn_NW_021819275v1	0	33159
chrUn_NW_021819276v1	0	35098
chrUn_NW_021819277v1	0	10291
chrUn_NW_021819278v1	0	36741
chrUn_NW_021819279v1	0	32129
chrUn_NW_021819280v1	0	50456
chrUn_NW_021819281v1	0	44976
chrUn_NW_021819282v1	0	36634
chrUn_NW_021819283v1	0	35947
chrUn_NW_021819284v1	0	29459
chrUn_NW_021819285v1	0	33283
chrUn_NW_021819286v1	0	30008
chrUn_NW_021819287v1	0	32893
chrUn_NW_021819288v1	0	8785
chrUn_NW_021819289v1	0	31677
chrUn_NW_021819290v1	0	29184
chrUn_NW_021819291v1	0	33832
chrUn_NW_021819292v1	0	61009
chrUn_NW_021819293v1	0	44572
chrUn_NW_021819294v1	0	29347
chrUn_NW_021819295v1	0	60792
chrUn_NW_021819296v1	0	34061
chrUn_NW_021819297v1	0	28760
chrUn_NW_021819298v1	0	28026
chrUn_NW_021819299v1	0	11261
chrUn_NW_021819300v1	0	24540
chrUn_NW_021819301v1	0	28440
chrUn_NW_021819302v1	0	31617
chrUn_NW_021819303v1	0	36493
chrUn_NW_021819304v1	0	37929
chrUn_NW_021819305v1	0	41018
chrUn_NW_021819306v1	0	25855
chrUn_NW_021819307v1	0	26090
chrUn_NW_021819308v1	0	30961
chrUn_NW_021819309v1	0	24896
chrUn_NW_021819310v1	0	8504
chrUn_NW_021819311v1	0	25028
chrUn_NW_021819312v1	0	28083
chrUn_NW_021819313v1	0	38751
chrUn_NW_021819314v1	0	30171
chrUn_NW_021819315v1	0	22507
chrUn_NW_021819316v1	0	22725
chrUn_NW_021819317v1	0	22225
chrUn_NW_021819318v1	0	23175
chrUn_NW_021819319v1	0	23738
chrUn_NW_021819320v1	0	22158
chrUn_NW_021819321v1	0	7588
chrUn_NW_021819322v1	0	19568
chrUn_NW_021819323v1	0	37547
chrUn_NW_021819324v1	0	22266
chrUn_NW_021819325v1	0	22236
chrUn_NW_021819326v1	0	21176
chrUn_NW_021819327v1	0	29147
chrUn_NW_021819328v1	0	20988
chrUn_NW_021819329v1	0	27546
chrUn_NW_021819330v1	0	25825
chrUn_NW_021819331v1	0	28499
chrUn_NW_021819332v1	0	20201
chrUn_NW_021819333v1	0	21063
chrUn_NW_021819334v1	0	8783
chrUn_NW_021819335v1	0	29182
chrUn_NW_021819336v1	0	33812
chrUn_NW_021819337v1	0	28777
chrUn_NW_021819338v1	0	20204
chrUn_NW_021819339v1	0	213650
chrUn_NW_021819340v1	0	8815
chrUn_NW_021819341v1	0	8285
chrUn_NW_021819342v1	0	8846
chrUn_NW_021819343v1	0	12199
chrUn_NW_021819344v1	0	14469
chrUn_NW_021819345v1	0	12605
chrUn_NW_021819346v1	0	8479
chrUn_NW_021819347v1	0	8409
chrUn_NW_021819348v1	0	8303
chrUn_NW_021819349v1	0	21514
chrUn_NW_021819350v1	0	8476
chrUn_NW_021819351v1	0	8635
chrUn_NW_021819352v1	0	8350
chrUn_NW_021819353v1	0	8312
chrUn_NW_021819354v1	0	8165
chrUn_NW_021819355v1	0	9251
chrUn_NW_021819356v1	0	8281
chrUn_NW_021819357v1	0	7821
chrUn_NW_021819358v1	0	8076
chrUn_NW_021819359v1	0	8087
chrUn_NW_021819360v1	0	21764
chrUn_NW_021819361v1	0	8142
chrUn_NW_021819362v1	0	8124
chrUn_NW_021819363v1	0	14147
chrUn_NW_021819364v1	0	8049
chrUn_NW_021819365v1	0	11186
chrUn_NW_021819366v1	0	7720
chrUn_NW_021819367v1	0	13044
chrUn_NW_021819368v1	0	12133
chrUn_NW_021819369v1	0	15943
chrUn_NW_021819370v1	0	19810
chrUn_NW_021819371v1	0	7855
chrUn_NW_021819372v1	0	7600
chrUn_NW_021819373v1	0	7830
chrUn_NW_021819374v1	0	7891
chrUn_NW_021819375v1	0	7685
chrUn_NW_021819376v1	0	11169
chrUn_NW_021819377v1	0	7847
chrUn_NW_021819378v1	0	7944
chrUn_NW_021819379v1	0	7847
chrUn_NW_021819380v1	0	7519
chrUn_NW_021819381v1	0	25111
chrUn_NW_021819382v1	0	7413
chrUn_NW_021819383v1	0	7727
chrUn_NW_021819384v1	0	13539
chrUn_NW_021819385v1	0	7610
chrUn_NW_021819386v1	0	7640
chrUn_NW_021819387v1	0	7466
chrUn_NW_021819388v1	0	7547
chrUn_NW_021819389v1	0	12450
chrUn_NW_021819390v1	0	7582
chrUn_NW_021819391v1	0	7211
chrUn_NW_021819392v1	0	17178
chrUn_NW_021819393v1	0	7764
chrUn_NW_021819394v1	0	7799
chrUn_NW_021819395v1	0	7397
chrUn_NW_021819396v1	0	7486
chrUn_NW_021819397v1	0	7496
chrUn_NW_021819398v1	0	7314
chrUn_NW_021819399v1	0	7375
chrUn_NW_021819400v1	0	7272
chrUn_NW_021819401v1	0	7065
chrUn_NW_021819402v1	0	7187
chrUn_NW_021819403v1	0	17317
chrUn_NW_021819404v1	0	12461
chrUn_NW_021819405v1	0	6920
chrUn_NW_021819406v1	0	6990
chrUn_NW_021819407v1	0	6978
chrUn_NW_021819408v1	0	7121
chrUn_NW_021819409v1	0	7018
chrUn_NW_021819410v1	0	6930
chrUn_NW_021819411v1	0	12155
chrUn_NW_021819412v1	0	6812
chrUn_NW_021819413v1	0	9078
chrUn_NW_021819414v1	0	15729
chrUn_NW_021819415v1	0	7298
chrUn_NW_021819416v1	0	7581
chrUn_NW_021819417v1	0	6769
chrUn_NW_021819418v1	0	11058
chrUn_NW_021819419v1	0	6708
chrUn_NW_021819420v1	0	6858
chrUn_NW_021819421v1	0	6822
chrUn_NW_021819422v1	0	12695
chrUn_NW_021819423v1	0	8947
chrUn_NW_021819424v1	0	6616
chrUn_NW_021819425v1	0	28431
chrUn_NW_021819426v1	0	11950
chrUn_NW_021819427v1	0	8991
chrUn_NW_021819428v1	0	6540
chrUn_NW_021819429v1	0	11102
chrUn_NW_021819430v1	0	5979
chrUn_NW_021819431v1	0	6464
chrUn_NW_021819432v1	0	9600
chrUn_NW_021819433v1	0	6213
chrUn_NW_021819434v1	0	6409
chrUn_NW_021819435v1	0	6566
chrUn_NW_021819436v1	0	17405
chrUn_NW_021819437v1	0	8257
chrUn_NW_021819438v1	0	6643
chrUn_NW_021819439v1	0	5839
chrUn_NW_021819440v1	0	7433
chrUn_NW_021819441v1	0	18797
chrUn_NW_021819442v1	0	7098
chrUn_NW_021819443v1	0	6136
chrUn_NW_021819444v1	0	5979
chrUn_NW_021819445v1	0	6158
chrUn_NW_021819446v1	0	6093
chrUn_NW_021819447v1	0	14957
chrUn_NW_021819448v1	0	27716
chrUn_NW_021819449v1	0	10684
chrUn_NW_021819450v1	0	9764
chrUn_NW_021819451v1	0	6075
chrUn_NW_021819452v1	0	6038
chrUn_NW_021819453v1	0	6060
chrUn_NW_021819454v1	0	5925
chrUn_NW_021819455v1	0	6423
chrUn_NW_021819456v1	0	5998
chrUn_NW_021819457v1	0	6013
chrUn_NW_021819458v1	0	4259
chrUn_NW_021819459v1	0	17200
chrUn_NW_021819460v1	0	6174
chrUn_NW_021819461v1	0	6351
chrUn_NW_021819462v1	0	5640
chrUn_NW_021819463v1	0	5641
chrUn_NW_021819464v1	0	6009
chrUn_NW_021819465v1	0	5829
chrUn_NW_021819466v1	0	5252
chrUn_NW_021819467v1	0	6309
chrUn_NW_021819468v1	0	7506
chrUn_NW_021819469v1	0	5756
chrUn_NW_021819470v1	0	107015
chrUn_NW_021819471v1	0	5472
chrUn_NW_021819472v1	0	6087
chrUn_NW_021819473v1	0	5674
chrUn_NW_021819474v1	0	5598
chrUn_NW_021819475v1	0	5617
chrUn_NW_021819476v1	0	5633
chrUn_NW_021819477v1	0	5657
chrUn_NW_021819478v1	0	5587
chrUn_NW_021819479v1	0	5561
chrUn_NW_021819480v1	0	4960
chrUn_NW_021819481v1	0	15310
chrUn_NW_021819482v1	0	6139
chrUn_NW_021819483v1	0	11534
chrUn_NW_021819484v1	0	5661
chrUn_NW_021819485v1	0	7715
chrUn_NW_021819486v1	0	5454
chrUn_NW_021819487v1	0	5380
chrUn_NW_021819488v1	0	5498
chrUn_NW_021819489v1	0	5349
chrUn_NW_021819490v1	0	5500
chrUn_NW_021819491v1	0	5619
chrUn_NW_021819492v1	0	23358
chrUn_NW_021819493v1	0	5457
chrUn_NW_021819494v1	0	10052
chrUn_NW_021819495v1	0	5532
chrUn_NW_021819496v1	0	5399
chrUn_NW_021819497v1	0	5396
chrUn_NW_021819498v1	0	5414
chrUn_NW_021819499v1	0	7251
chrUn_NW_021819500v1	0	5448
chrUn_NW_021819501v1	0	5768
chrUn_NW_021819502v1	0	4993
chrUn_NW_021819503v1	0	16852
chrUn_NW_021819504v1	0	7374
chrUn_NW_021819505v1	0	5300
chrUn_NW_021819506v1	0	5241
chrUn_NW_021819507v1	0	5251
chrUn_NW_021819508v1	0	7539
chrUn_NW_021819509v1	0	5419
chrUn_NW_021819510v1	0	5313
chrUn_NW_021819511v1	0	5365
chrUn_NW_021819512v1	0	9506
chrUn_NW_021819513v1	0	17087
chrUn_NW_021819514v1	0	8662
chrUn_NW_021819515v1	0	5194
chrUn_NW_021819516v1	0	5585
chrUn_NW_021819517v1	0	5175
chrUn_NW_021819518v1	0	5175
chrUn_NW_021819519v1	0	4983
chrUn_NW_021819520v1	0	5009
chrUn_NW_021819521v1	0	5038
chrUn_NW_021819522v1	0	10686
chrUn_NW_021819523v1	0	9057
chrUn_NW_021819524v1	0	13628
chrUn_NW_021819525v1	0	5099
chrUn_NW_021819526v1	0	5089
chrUn_NW_021819527v1	0	5059
chrUn_NW_021819528v1	0	5185
chrUn_NW_021819529v1	0	5052
chrUn_NW_021819530v1	0	4945
chrUn_NW_021819531v1	0	4876
chrUn_NW_021819532v1	0	4993
chrUn_NW_021819533v1	0	4931
chrUn_NW_021819534v1	0	4886
chrUn_NW_021819535v1	0	22174
chrUn_NW_021819536v1	0	6092
chrUn_NW_021819537v1	0	5013
chrUn_NW_021819538v1	0	4965
chrUn_NW_021819539v1	0	4876
chrUn_NW_021819540v1	0	4634
chrUn_NW_021819541v1	0	4632
chrUn_NW_021819542v1	0	11225
chrUn_NW_021819543v1	0	4868
chrUn_NW_021819544v1	0	5132
chrUn_NW_021819545v1	0	20415
chrUn_NW_021819546v1	0	4798
chrUn_NW_021819547v1	0	4810
chrUn_NW_021819548v1	0	4635
chrUn_NW_021819549v1	0	4760
chrUn_NW_021819550v1	0	4899
chrUn_NW_021819551v1	0	11050
chrUn_NW_021819552v1	0	4639
chrUn_NW_021819553v1	0	4831
chrUn_NW_021819554v1	0	4643
chrUn_NW_021819555v1	0	4690
chrUn_NW_021819556v1	0	24664
chrUn_NW_021819557v1	0	30830
chrUn_NW_021819558v1	0	4646
chrUn_NW_021819559v1	0	4656
chrUn_NW_021819560v1	0	4535
chrUn_NW_021819561v1	0	6952
chrUn_NW_021819562v1	0	7692
chrUn_NW_021819563v1	0	4633
chrUn_NW_021819564v1	0	4633
chrUn_NW_021819565v1	0	4627
chrUn_NW_021819566v1	0	4552
chrUn_NW_021819567v1	0	6205
chrUn_NW_021819568v1	0	17114
chrUn_NW_021819569v1	0	5057
chrUn_NW_021819570v1	0	4594
chrUn_NW_021819571v1	0	4591
chrUn_NW_021819572v1	0	4442
chrUn_NW_021819573v1	0	7066
chrUn_NW_021819574v1	0	4624
chrUn_NW_021819575v1	0	4542
chrUn_NW_021819576v1	0	8044
chrUn_NW_021819577v1	0	4207
chrUn_NW_021819578v1	0	4130
chrUn_NW_021819579v1	0	22258
chrUn_NW_021819580v1	0	4483
chrUn_NW_021819581v1	0	4474
chrUn_NW_021819582v1	0	4462
chrUn_NW_021819583v1	0	4442
chrUn_NW_021819584v1	0	4575
chrUn_NW_021819585v1	0	4421
chrUn_NW_021819586v1	0	5032
chrUn_NW_021819587v1	0	9009
chrUn_NW_021819588v1	0	4402
chrUn_NW_021819589v1	0	4387
chrUn_NW_021819590v1	0	20707
chrUn_NW_021819591v1	0	5733
chrUn_NW_021819592v1	0	8300
chrUn_NW_021819593v1	0	4354
chrUn_NW_021819594v1	0	4346
chrUn_NW_021819595v1	0	4334
chrUn_NW_021819596v1	0	4221
chrUn_NW_021819597v1	0	4441
chrUn_NW_021819598v1	0	4554
chrUn_NW_021819599v1	0	4322
chrUn_NW_021819600v1	0	4265
chrUn_NW_021819601v1	0	17610
chrUn_NW_021819602v1	0	4214
chrUn_NW_021819603v1	0	7420
chrUn_NW_021819604v1	0	4207
chrUn_NW_021819605v1	0	4268
chrUn_NW_021819606v1	0	4278
chrUn_NW_021819607v1	0	4238
chrUn_NW_021819608v1	0	10094
chrUn_NW_021819609v1	0	4091
chrUn_NW_021819610v1	0	4134
chrUn_NW_021819611v1	0	15410
chrUn_NW_021819612v1	0	4202
chrUn_NW_021819613v1	0	4203
chrUn_NW_021819614v1	0	4210
chrUn_NW_021819615v1	0	4058
chrUn_NW_021819616v1	0	4101
chrUn_NW_021819617v1	0	10909
chrUn_NW_021819618v1	0	10752
chrUn_NW_021819619v1	0	4080
chrUn_NW_021819620v1	0	4159
chrUn_NW_021819621v1	0	4390
chrUn_NW_021819622v1	0	16537
chrUn_NW_021819623v1	0	4150
chrUn_NW_021819624v1	0	4143
chrUn_NW_021819625v1	0	4139
chrUn_NW_021819626v1	0	4194
chrUn_NW_021819627v1	0	4129
chrUn_NW_021819628v1	0	3989
chrUn_NW_021819629v1	0	4032
chrUn_NW_021819630v1	0	6769
chrUn_NW_021819631v1	0	4096
chrUn_NW_021819632v1	0	7611
chrUn_NW_021819633v1	0	15772
chrUn_NW_021819634v1	0	3960
chrUn_NW_021819635v1	0	4046
chrUn_NW_021819636v1	0	4129
chrUn_NW_021819637v1	0	6402
chrUn_NW_021819638v1	0	3845
chrUn_NW_021819639v1	0	4015
chrUn_NW_021819640v1	0	4071
chrUn_NW_021819641v1	0	4058
chrUn_NW_021819642v1	0	12993
chrUn_NW_021819643v1	0	7434
chrUn_NW_021819644v1	0	21683
chrUn_NW_021819645v1	0	3791
chrUn_NW_021819646v1	0	4314
chrUn_NW_021819647v1	0	4729
chrUn_NW_021819648v1	0	3991
chrUn_NW_021819649v1	0	3930
chrUn_NW_021819650v1	0	3955
chrUn_NW_021819651v1	0	10726
chrUn_NW_021819652v1	0	7363
chrUn_NW_021819653v1	0	3990
chrUn_NW_021819654v1	0	3927
chrUn_NW_021819655v1	0	15846
chrUn_NW_021819656v1	0	3746
chrUn_NW_021819657v1	0	3916
chrUn_NW_021819658v1	0	3899
chrUn_NW_021819659v1	0	3874
chrUn_NW_021819660v1	0	7949
chrUn_NW_021819661v1	0	3811
chrUn_NW_021819662v1	0	3322
chrUn_NW_021819663v1	0	3839
chrUn_NW_021819664v1	0	3821
chrUn_NW_021819665v1	0	6809
chrUn_NW_021819666v1	0	22055
chrUn_NW_021819667v1	0	29210
chrUn_NW_021819668v1	0	10246
chrUn_NW_021819669v1	0	3845
chrUn_NW_021819670v1	0	3741
chrUn_NW_021819671v1	0	3799
chrUn_NW_021819672v1	0	3912
chrUn_NW_021819673v1	0	4078
chrUn_NW_021819674v1	0	101257
chrUn_NW_021819675v1	0	6302
chrUn_NW_021819676v1	0	5161
chrUn_NW_021819677v1	0	33117
chrUn_NW_021819678v1	0	3884
chrUn_NW_021819679v1	0	3813
chrUn_NW_021819680v1	0	10835
chrUn_NW_021819681v1	0	3775
chrUn_NW_021819682v1	0	3709
chrUn_NW_021819683v1	0	3759
chrUn_NW_021819684v1	0	3758
chrUn_NW_021819685v1	0	3659
chrUn_NW_021819686v1	0	8708
chrUn_NW_021819687v1	0	15607
chrUn_NW_021819688v1	0	3695
chrUn_NW_021819689v1	0	3737
chrUn_NW_021819690v1	0	8595
chrUn_NW_021819691v1	0	3689
chrUn_NW_021819692v1	0	3705
chrUn_NW_021819693v1	0	5256
chrUn_NW_021819694v1	0	3656
chrUn_NW_021819695v1	0	3401
chrUn_NW_021819696v1	0	3570
chrUn_NW_021819697v1	0	3602
chrUn_NW_021819698v1	0	15369
chrUn_NW_021819699v1	0	3662
chrUn_NW_021819700v1	0	3655
chrUn_NW_021819701v1	0	3628
chrUn_NW_021819702v1	0	3833
chrUn_NW_021819703v1	0	3691
chrUn_NW_021819704v1	0	3544
chrUn_NW_021819705v1	0	3552
chrUn_NW_021819706v1	0	10051
chrUn_NW_021819707v1	0	7649
chrUn_NW_021819708v1	0	3594
chrUn_NW_021819709v1	0	18732
chrUn_NW_021819710v1	0	3583
chrUn_NW_021819711v1	0	3591
chrUn_NW_021819712v1	0	6841
chrUn_NW_021819713v1	0	7685
chrUn_NW_021819714v1	0	3518
chrUn_NW_021819715v1	0	3423
chrUn_NW_021819716v1	0	8894
chrUn_NW_021819717v1	0	3519
chrUn_NW_021819718v1	0	3070
chrUn_NW_021819719v1	0	3550
chrUn_NW_021819720v1	0	26653
chrUn_NW_021819721v1	0	2884
chrUn_NW_021819722v1	0	9431
chrUn_NW_021819723v1	0	3487
chrUn_NW_021819724v1	0	3526
chrUn_NW_021819725v1	0	3981
chrUn_NW_021819726v1	0	3511
chrUn_NW_021819727v1	0	3706
chrUn_NW_021819728v1	0	3422
chrUn_NW_021819729v1	0	3580
chrUn_NW_021819730v1	0	3519
chrUn_NW_021819731v1	0	18933
chrUn_NW_021819732v1	0	5801
chrUn_NW_021819733v1	0	3428
chrUn_NW_021819734v1	0	3448
chrUn_NW_021819735v1	0	3522
chrUn_NW_021819736v1	0	3478
chrUn_NW_021819737v1	0	3472
chrUn_NW_021819738v1	0	4588
chrUn_NW_021819739v1	0	3437
chrUn_NW_021819740v1	0	2407
chrUn_NW_021819741v1	0	2611
chrUn_NW_021819742v1	0	14808
chrUn_NW_021819743v1	0	3422
chrUn_NW_021819744v1	0	6899
chrUn_NW_021819745v1	0	3398
chrUn_NW_021819746v1	0	3399
chrUn_NW_021819747v1	0	3398
chrUn_NW_021819748v1	0	3266
chrUn_NW_021819749v1	0	3394
chrUn_NW_021819750v1	0	3494
chrUn_NW_021819751v1	0	3002
chrUn_NW_021819752v1	0	3498
chrUn_NW_021819753v1	0	20655
chrUn_NW_021819754v1	0	3182
chrUn_NW_021819755v1	0	3496
chrUn_NW_021819756v1	0	3780
chrUn_NW_021819757v1	0	2938
chrUn_NW_021819758v1	0	3293
chrUn_NW_021819759v1	0	3284
chrUn_NW_021819760v1	0	3352
chrUn_NW_021819761v1	0	8259
chrUn_NW_021819762v1	0	3308
chrUn_NW_021819763v1	0	8342
chrUn_NW_021819764v1	0	15303
chrUn_NW_021819765v1	0	6786
chrUn_NW_021819766v1	0	3067
chrUn_NW_021819767v1	0	8164
chrUn_NW_021819768v1	0	3238
chrUn_NW_021819769v1	0	4425
chrUn_NW_021819770v1	0	3077
chrUn_NW_021819771v1	0	5086
chrUn_NW_021819772v1	0	3277
chrUn_NW_021819773v1	0	3220
chrUn_NW_021819774v1	0	3216
chrUn_NW_021819775v1	0	21892
chrUn_NW_021819776v1	0	19302
chrUn_NW_021819777v1	0	3254
chrUn_NW_021819778v1	0	7624
chrUn_NW_021819779v1	0	3138
chrUn_NW_021819780v1	0	3249
chrUn_NW_021819781v1	0	3233
chrUn_NW_021819782v1	0	2932
chrUn_NW_021819783v1	0	3119
chrUn_NW_021819784v1	0	8408
chrUn_NW_021819785v1	0	3095
chrUn_NW_021819786v1	0	3158
chrUn_NW_021819787v1	0	15079
chrUn_NW_021819788v1	0	3096
chrUn_NW_021819789v1	0	5872
chrUn_NW_021819790v1	0	3083
chrUn_NW_021819791v1	0	3134
chrUn_NW_021819792v1	0	3118
chrUn_NW_021819793v1	0	3118
chrUn_NW_021819794v1	0	1683
chrUn_NW_021819795v1	0	3113
chrUn_NW_021819796v1	0	3102
chrUn_NW_021819797v1	0	3398
chrUn_NW_021819798v1	0	15070
chrUn_NW_021819799v1	0	3061
chrUn_NW_021819800v1	0	6702
chrUn_NW_021819801v1	0	2968
chrUn_NW_021819802v1	0	2998
chrUn_NW_021819803v1	0	249721
chrUn_NW_021819804v1	0	8578
chrUn_NW_021819805v1	0	3003
chrUn_NW_021819806v1	0	5810
chrUn_NW_021819807v1	0	2978
chrUn_NW_021819808v1	0	2947
chrUn_NW_021819809v1	0	17523
chrUn_NW_021819810v1	0	3160
chrUn_NW_021819811v1	0	2476
chrUn_NW_021819812v1	0	2873
chrUn_NW_021819813v1	0	2941
chrUn_NW_021819814v1	0	2929
chrUn_NW_021819815v1	0	2887
chrUn_NW_021819816v1	0	2913
chrUn_NW_021819817v1	0	2871
chrUn_NW_021819818v1	0	5416
chrUn_NW_021819819v1	0	2841
chrUn_NW_021819820v1	0	18273
chrUn_NW_021819821v1	0	2832
chrUn_NW_021819822v1	0	2801
chrUn_NW_021819823v1	0	2749
chrUn_NW_021819824v1	0	2754
chrUn_NW_021819825v1	0	2742
chrUn_NW_021819826v1	0	2796
chrUn_NW_021819827v1	0	2796
chrUn_NW_021819828v1	0	2774
chrUn_NW_021819829v1	0	2543
chrUn_NW_021819830v1	0	2758
chrUn_NW_021819831v1	0	13535
chrUn_NW_021819832v1	0	2734
chrUn_NW_021819833v1	0	2742
chrUn_NW_021819834v1	0	2739
chrUn_NW_021819835v1	0	2732
chrUn_NW_021819836v1	0	18267
chrUn_NW_021819837v1	0	2692
chrUn_NW_021819838v1	0	2586
chrUn_NW_021819839v1	0	2682
chrUn_NW_021819840v1	0	2664
chrUn_NW_021819841v1	0	2593
chrUn_NW_021819842v1	0	25912
chrUn_NW_021819843v1	0	2646
chrUn_NW_021819844v1	0	2642
chrUn_NW_021819845v1	0	2577
chrUn_NW_021819846v1	0	2631
chrUn_NW_021819847v1	0	2575
chrUn_NW_021819848v1	0	2586
chrUn_NW_021819849v1	0	2524
chrUn_NW_021819850v1	0	2557
chrUn_NW_021819851v1	0	2558
chrUn_NW_021819852v1	0	2545
chrUn_NW_021819853v1	0	16948
chrUn_NW_021819854v1	0	2531
chrUn_NW_021819855v1	0	2522
chrUn_NW_021819856v1	0	2521
chrUn_NW_021819857v1	0	2505
chrUn_NW_021819858v1	0	2489
chrUn_NW_021819859v1	0	2451
chrUn_NW_021819860v1	0	2477
chrUn_NW_021819861v1	0	2406
chrUn_NW_021819862v1	0	2410
chrUn_NW_021819863v1	0	2467
chrUn_NW_021819864v1	0	14101
chrUn_NW_021819865v1	0	2464
chrUn_NW_021819866v1	0	2427
chrUn_NW_021819867v1	0	2403
chrUn_NW_021819868v1	0	2403
chrUn_NW_021819869v1	0	2448
chrUn_NW_021819870v1	0	2446
chrUn_NW_021819871v1	0	2445
chrUn_NW_021819872v1	0	2441
chrUn_NW_021819873v1	0	2440
chrUn_NW_021819874v1	0	2439
chrUn_NW_021819875v1	0	14679
chrUn_NW_021819876v1	0	2439
chrUn_NW_021819877v1	0	2435
chrUn_NW_021819878v1	0	2312
chrUn_NW_021819879v1	0	2425
chrUn_NW_021819880v1	0	2425
chrUn_NW_021819881v1	0	2422
chrUn_NW_021819882v1	0	2422
chrUn_NW_021819883v1	0	2421
chrUn_NW_021819884v1	0	2414
chrUn_NW_021819885v1	0	2411
chrUn_NW_021819886v1	0	15784
chrUn_NW_021819887v1	0	24476
chrUn_NW_021819888v1	0	2408
chrUn_NW_021819889v1	0	2407
chrUn_NW_021819890v1	0	2407
chrUn_NW_021819891v1	0	2395
chrUn_NW_021819892v1	0	2316
chrUn_NW_021819893v1	0	2358
chrUn_NW_021819894v1	0	2374
chrUn_NW_021819895v1	0	2355
chrUn_NW_021819896v1	0	2292
chrUn_NW_021819897v1	0	2344
chrUn_NW_021819898v1	0	22011
chrUn_NW_021819899v1	0	2310
chrUn_NW_021819900v1	0	2326
chrUn_NW_021819901v1	0	2326
chrUn_NW_021819902v1	0	2323
chrUn_NW_021819903v1	0	2316
chrUn_NW_021819904v1	0	2313
chrUn_NW_021819905v1	0	2278
chrUn_NW_021819906v1	0	2226
chrUn_NW_021819907v1	0	2303
chrUn_NW_021819908v1	0	2300
chrUn_NW_021819909v1	0	20830
chrUn_NW_021819910v1	0	2292
chrUn_NW_021819911v1	0	2290
chrUn_NW_021819912v1	0	2159
chrUn_NW_021819913v1	0	2248
chrUn_NW_021819914v1	0	2268
chrUn_NW_021819915v1	0	2263
chrUn_NW_021819916v1	0	2246
chrUn_NW_021819917v1	0	2261
chrUn_NW_021819918v1	0	2224
chrUn_NW_021819919v1	0	2247
chrUn_NW_021819920v1	0	14530
chrUn_NW_021819921v1	0	2246
chrUn_NW_021819922v1	0	2243
chrUn_NW_021819923v1	0	2237
chrUn_NW_021819924v1	0	2228
chrUn_NW_021819925v1	0	2168
chrUn_NW_021819926v1	0	2215
chrUn_NW_021819927v1	0	2214
chrUn_NW_021819928v1	0	2208
chrUn_NW_021819929v1	0	2207
chrUn_NW_021819930v1	0	2203
chrUn_NW_021819931v1	0	17794
chrUn_NW_021819932v1	0	2202
chrUn_NW_021819933v1	0	2197
chrUn_NW_021819934v1	0	2083
chrUn_NW_021819935v1	0	2147
chrUn_NW_021819936v1	0	2184
chrUn_NW_021819937v1	0	2121
chrUn_NW_021819938v1	0	2174
chrUn_NW_021819939v1	0	2167
chrUn_NW_021819940v1	0	2081
chrUn_NW_021819941v1	0	2155
chrUn_NW_021819942v1	0	14626
chrUn_NW_021819943v1	0	2112
chrUn_NW_021819944v1	0	2152
chrUn_NW_021819945v1	0	2111
chrUn_NW_021819946v1	0	2144
chrUn_NW_021819947v1	0	2081
chrUn_NW_021819948v1	0	2092
chrUn_NW_021819949v1	0	2030
chrUn_NW_021819950v1	0	2125
chrUn_NW_021819951v1	0	2122
chrUn_NW_021819952v1	0	2116
chrUn_NW_021819953v1	0	14328
chrUn_NW_021819954v1	0	2114
chrUn_NW_021819955v1	0	2114
chrUn_NW_021819956v1	0	2109
chrUn_NW_021819957v1	0	2105
chrUn_NW_021819958v1	0	2101
chrUn_NW_021819959v1	0	2081
chrUn_NW_021819960v1	0	2089
chrUn_NW_021819961v1	0	2089
chrUn_NW_021819962v1	0	2048
chrUn_NW_021819963v1	0	2064
chrUn_NW_021819964v1	0	19063
chrUn_NW_021819965v1	0	2020
chrUn_NW_021819966v1	0	2063
chrUn_NW_021819967v1	0	2062
chrUn_NW_021819968v1	0	2060
chrUn_NW_021819969v1	0	2054
chrUn_NW_021819970v1	0	1988
chrUn_NW_021819971v1	0	1983
chrUn_NW_021819972v1	0	2036
chrUn_NW_021819973v1	0	2037
chrUn_NW_021819974v1	0	2035
chrUn_NW_021819975v1	0	14292
chrUn_NW_021819976v1	0	1975
chrUn_NW_021819977v1	0	2019
chrUn_NW_021819978v1	0	1967
chrUn_NW_021819979v1	0	1970
chrUn_NW_021819980v1	0	2024
chrUn_NW_021819981v1	0	2019
chrUn_NW_021819982v1	0	1922
chrUn_NW_021819983v1	0	2014
chrUn_NW_021819984v1	0	2013
chrUn_NW_021819985v1	0	2011
chrUn_NW_021819986v1	0	11971
chrUn_NW_021819987v1	0	2013
chrUn_NW_021819988v1	0	2009
chrUn_NW_021819989v1	0	1972
chrUn_NW_021819990v1	0	2006
chrUn_NW_021819991v1	0	2005
chrUn_NW_021819992v1	0	1896
chrUn_NW_021819993v1	0	2001
chrUn_NW_021819994v1	0	1999
chrUn_NW_021819995v1	0	1914
chrUn_NW_021819996v1	0	1995
chrUn_NW_021819997v1	0	16812
chrUn_NW_021819998v1	0	19409
chrUn_NW_021819999v1	0	1994
chrUn_NW_021820000v1	0	1984
chrUn_NW_021820001v1	0	1936
chrUn_NW_021820002v1	0	1974
chrUn_NW_021820003v1	0	1970
chrUn_NW_021820004v1	0	1967
chrUn_NW_021820005v1	0	1967
chrUn_NW_021820006v1	0	1966
chrUn_NW_021820007v1	0	1965
chrUn_NW_021820008v1	0	1962
chrUn_NW_021820009v1	0	13729
chrUn_NW_021820010v1	0	1920
chrUn_NW_021820011v1	0	1959
chrUn_NW_021820012v1	0	1871
chrUn_NW_021820013v1	0	1956
chrUn_NW_021820014v1	0	1955
chrUn_NW_021820015v1	0	1954
chrUn_NW_021820016v1	0	1950
chrUn_NW_021820017v1	0	1906
chrUn_NW_021820018v1	0	1834
chrUn_NW_021820019v1	0	1946
chrUn_NW_021820020v1	0	14410
chrUn_NW_021820021v1	0	1942
chrUn_NW_021820022v1	0	1896
chrUn_NW_021820023v1	0	1937
chrUn_NW_021820024v1	0	1934
chrUn_NW_021820025v1	0	1870
chrUn_NW_021820026v1	0	1927
chrUn_NW_021820027v1	0	1892
chrUn_NW_021820028v1	0	1827
chrUn_NW_021820029v1	0	1923
chrUn_NW_021820030v1	0	1885
chrUn_NW_021820031v1	0	15473
chrUn_NW_021820032v1	0	1916
chrUn_NW_021820033v1	0	1915
chrUn_NW_021820034v1	0	1915
chrUn_NW_021820035v1	0	1914
chrUn_NW_021820036v1	0	1853
chrUn_NW_021820037v1	0	1908
chrUn_NW_021820038v1	0	1814
chrUn_NW_021820039v1	0	1906
chrUn_NW_021820040v1	0	1860
chrUn_NW_021820041v1	0	1832
chrUn_NW_021820042v1	0	13880
chrUn_NW_021820043v1	0	1897
chrUn_NW_021820044v1	0	1898
chrUn_NW_021820045v1	0	1880
chrUn_NW_021820046v1	0	1894
chrUn_NW_021820047v1	0	1885
chrUn_NW_021820048v1	0	1884
chrUn_NW_021820049v1	0	1819
chrUn_NW_021820050v1	0	1827
chrUn_NW_021820051v1	0	1880
chrUn_NW_021820052v1	0	1833
chrUn_NW_021820053v1	0	18989
chrUn_NW_021820054v1	0	1874
chrUn_NW_021820055v1	0	1873
chrUn_NW_021820056v1	0	1871
chrUn_NW_021820057v1	0	1868
chrUn_NW_021820058v1	0	1862
chrUn_NW_021820059v1	0	1799
chrUn_NW_021820060v1	0	1745
chrUn_NW_021820061v1	0	1854
chrUn_NW_021820062v1	0	1852
chrUn_NW_021820063v1	0	1845
chrUn_NW_021820064v1	0	18701
chrUn_NW_021820065v1	0	1835
chrUn_NW_021820066v1	0	1838
chrUn_NW_021820067v1	0	1838
chrUn_NW_021820068v1	0	1833
chrUn_NW_021820069v1	0	1833
chrUn_NW_021820070v1	0	1737
chrUn_NW_021820071v1	0	1789
chrUn_NW_021820072v1	0	1824
chrUn_NW_021820073v1	0	1823
chrUn_NW_021820074v1	0	1797
chrUn_NW_021820075v1	0	13872
chrUn_NW_021820076v1	0	1764
chrUn_NW_021820077v1	0	1821
chrUn_NW_021820078v1	0	1757
chrUn_NW_021820079v1	0	1817
chrUn_NW_021820080v1	0	1810
chrUn_NW_021820081v1	0	1802
chrUn_NW_021820082v1	0	1801
chrUn_NW_021820083v1	0	1741
chrUn_NW_021820084v1	0	1737
chrUn_NW_021820085v1	0	1734
chrUn_NW_021820086v1	0	13736
chrUn_NW_021820087v1	0	1793
chrUn_NW_021820088v1	0	1733
chrUn_NW_021820089v1	0	1789
chrUn_NW_021820090v1	0	1789
chrUn_NW_021820091v1	0	1738
chrUn_NW_021820092v1	0	1737
chrUn_NW_021820093v1	0	1780
chrUn_NW_021820094v1	0	1780
chrUn_NW_021820095v1	0	1737
chrUn_NW_021820096v1	0	1777
chrUn_NW_021820097v1	0	13120
chrUn_NW_021820098v1	0	1772
chrUn_NW_021820099v1	0	1768
chrUn_NW_021820100v1	0	1769
chrUn_NW_021820101v1	0	1717
chrUn_NW_021820102v1	0	1744
chrUn_NW_021820103v1	0	1710
chrUn_NW_021820104v1	0	1765
chrUn_NW_021820105v1	0	1765
chrUn_NW_021820106v1	0	1765
chrUn_NW_021820107v1	0	1715
chrUn_NW_021820108v1	0	13839
chrUn_NW_021820109v1	0	18930
chrUn_NW_021820110v1	0	1764
chrUn_NW_021820111v1	0	1648
chrUn_NW_021820112v1	0	1761
chrUn_NW_021820113v1	0	1725
chrUn_NW_021820114v1	0	1756
chrUn_NW_021820115v1	0	1753
chrUn_NW_021820116v1	0	1752
chrUn_NW_021820117v1	0	1749
chrUn_NW_021820118v1	0	1714
chrUn_NW_021820119v1	0	1746
chrUn_NW_021820120v1	0	14122
chrUn_NW_021820121v1	0	1743
chrUn_NW_021820122v1	0	1744
chrUn_NW_021820123v1	0	1743
chrUn_NW_021820124v1	0	1744
chrUn_NW_021820125v1	0	1708
chrUn_NW_021820126v1	0	1737
chrUn_NW_021820127v1	0	1737
chrUn_NW_021820128v1	0	1734
chrUn_NW_021820129v1	0	1679
chrUn_NW_021820130v1	0	1734
chrUn_NW_021820131v1	0	20267
chrUn_NW_021820132v1	0	1733
chrUn_NW_021820133v1	0	1731
chrUn_NW_021820134v1	0	1672
chrUn_NW_021820135v1	0	1691
chrUn_NW_021820136v1	0	1636
chrUn_NW_021820137v1	0	1724
chrUn_NW_021820138v1	0	1724
chrUn_NW_021820139v1	0	1693
chrUn_NW_021820140v1	0	1696
chrUn_NW_021820141v1	0	1719
chrUn_NW_021820142v1	0	11538
chrUn_NW_021820143v1	0	1717
chrUn_NW_021820144v1	0	1715
chrUn_NW_021820145v1	0	1713
chrUn_NW_021820146v1	0	1639
chrUn_NW_021820147v1	0	1648
chrUn_NW_021820148v1	0	1711
chrUn_NW_021820149v1	0	1711
chrUn_NW_021820150v1	0	1661
chrUn_NW_021820151v1	0	1708
chrUn_NW_021820152v1	0	1706
chrUn_NW_021820153v1	0	1705
chrUn_NW_021820154v1	0	1704
chrUn_NW_021820155v1	0	1665
chrUn_NW_021820156v1	0	1680
chrUn_NW_021820157v1	0	1638
chrUn_NW_021820158v1	0	1659
chrUn_NW_021820159v1	0	1693
chrUn_NW_021820160v1	0	1691
chrUn_NW_021820161v1	0	1691
chrUn_NW_021820162v1	0	1636
chrUn_NW_021820163v1	0	13104
chrUn_NW_021820164v1	0	1638
chrUn_NW_021820165v1	0	1603
chrUn_NW_021820166v1	0	1687
chrUn_NW_021820167v1	0	1639
chrUn_NW_021820168v1	0	1622
chrUn_NW_021820169v1	0	1682
chrUn_NW_021820170v1	0	1583
chrUn_NW_021820171v1	0	1681
chrUn_NW_021820172v1	0	1679
chrUn_NW_021820173v1	0	1577
chrUn_NW_021820174v1	0	12084
chrUn_NW_021820175v1	0	1674
chrUn_NW_021820176v1	0	1613
chrUn_NW_021820177v1	0	1674
chrUn_NW_021820178v1	0	1673
chrUn_NW_021820179v1	0	1594
chrUn_NW_021820180v1	0	1660
chrUn_NW_021820181v1	0	1629
chrUn_NW_021820182v1	0	1660
chrUn_NW_021820183v1	0	1657
chrUn_NW_021820184v1	0	1656
chrUn_NW_021820185v1	0	13247
chrUn_NW_021820186v1	0	1624
chrUn_NW_021820187v1	0	1654
chrUn_NW_021820188v1	0	1575
chrUn_NW_021820189v1	0	1596
chrUn_NW_021820190v1	0	1652
chrUn_NW_021820191v1	0	1622
chrUn_NW_021820192v1	0	1650
chrUn_NW_021820193v1	0	1604
chrUn_NW_021820194v1	0	1643
chrUn_NW_021820195v1	0	1565
chrUn_NW_021820196v1	0	21536
chrUn_NW_021820197v1	0	1637
chrUn_NW_021820198v1	0	1574
chrUn_NW_021820199v1	0	1587
chrUn_NW_021820200v1	0	1632
chrUn_NW_021820201v1	0	1633
chrUn_NW_021820202v1	0	1631
chrUn_NW_021820203v1	0	1584
chrUn_NW_021820204v1	0	1627
chrUn_NW_021820205v1	0	1627
chrUn_NW_021820206v1	0	1627
chrUn_NW_021820207v1	0	13043
chrUn_NW_021820208v1	0	1626
chrUn_NW_021820209v1	0	1540
chrUn_NW_021820210v1	0	1626
chrUn_NW_021820211v1	0	1625
chrUn_NW_021820212v1	0	1624
chrUn_NW_021820213v1	0	1564
chrUn_NW_021820214v1	0	1570
chrUn_NW_021820215v1	0	1622
chrUn_NW_021820216v1	0	1622
chrUn_NW_021820217v1	0	1583
chrUn_NW_021820218v1	0	12887
chrUn_NW_021820219v1	0	36677
chrM	0	16813
