"","Ex_CACNA1H_KIT","Ex_DACH2_NR4A3","Ex_Pre_KCNH7","Ex_DACH2_ADAMTS5","Ex_SATB2_OVOA","Ex_TSHZ2_NR4A2","Ex_KIAA1217_BCL6","Ex_CACNA1H_MCTP2","Ex_DACH2_RORB","Ex_DACH2_ITGA9","Ex_CACNA1H_LHX9","Ex_BCL6","Ex_DACH2_LHX2","Ex_Pre_SATB2","Ex_CACNA1H_CPA6","Ex_DACH2_SLIT2","Ex_CACNA1H_PROX1","Ex_SATB2_SOX6","Ex_SATB2_FOXP2","Ex_DACH2_LUZP2","Ex_DACH2_GRIK4","Ex_DACH2_ZMAT4","Ex_DACH2_MGAT4C","Ex_SATB2_ZNF385B","Ex_KIAA1217","Ex_DACH2_CEMIP","Ex_DACH2_TAC1"
"Glut-CACNA1H-1",0.000810378125474859,0.00441767207173962,0.000286161989802603,0.00084394523736662,0.00111239677962478,0.0879522688307481,0.000909165974843189,0.000427861685505741,0.000367692294819986,0.0010852112498018,0.64048903625822,0,0,0,0,0,0,0,0,0,0,0,0,0,0,0,0
"Glut-CACNA1H-2",0.09202895932753,0.0109568596842624,0.0111761336500013,0.000351206839673026,0.00891033369108794,0.111819813769198,0.000368471454946848,0.0119034174355609,0.000246235094548857,0,0.304404093000293,0.00327229965173082,0.000836734209186428,0.00148425056922912,0.00198926299636177,0.000496181856489839,0.0126020790460422,0.00205030845589439,0,0,0,0,0,0,0,0,0
"Glut-CACNA1H-3",0.00521742562735385,0.00708997673498824,0.0125507005865335,0.0158691595305892,0.00408212347811852,0.171367478129978,0,0,0.00183630443443294,0.000506743395138113,0.391770997946881,0,0,0.000739946725570932,0,0,0,0.0031440592858454,0.000438510012111121,0,0,0,0,0,0,0,0
"Glut-CACNA1H-4",0,0.00163516588873482,0,0,0,0.00282376640346051,0,0.00505442452820163,0,0.00144043871807793,0.612946083255799,0,0,0,0,0.066621742842923,0.00263678935637284,0.00262032835702682,0.000942469119643162,0.00231386946314416,0,0,0,0,0,0,0
"Glut-CACNA1H-RA",0,0,0.00229919644354094,0,0.0010104333697337,0.397324108323781,0,0,0,0,0.243197957526079,0,0,0,0,0,0,0,0,0,0,0,0,0,0,0,0
"Glut-DACH2-1",0,0.112610885203408,0.00305549012016061,0.0189474445431532,0.0112966890162648,0,0,0.00218387893997124,0.000272580171652631,0.0111593104681478,0,0,0.0115746276598757,0.000490356373904446,0,0.00394969602725455,0.000461726139737502,0.00474352053692046,0,0.0111994306654348,0.13797734858523,0.000958851554936063,0.23896449107309,0.000397337569397763,0,0,0
"Glut-DACH2-2",0,0.0761104798062845,0.000915080280389434,0.0246876223809005,0.0126215129586516,0,0,0,0.000937972304198036,0.00217085268686577,0,0,0.0369202089876685,0,0,0,0,0.00433956218512977,0.00023840201104563,0.0403481433017439,0.0375241936982504,0,0.189653399740347,0.00090745385643014,0.000791484182696663,0,0
"Glut-DACH2-3",0,0.0143977658499207,0.00108922174893114,0,0.000512944855024311,0,0,0.00703237547723981,0.00108530687329793,0.00812812334502291,0,0,0.004743233432588,0,0,0.533304199548578,0.000942744736447542,0.000260667229500725,0,0.000527911072258988,0.0014039654416984,0.105869849796977,0,0,0,0.0417947401534143,0
"Glut-DACH2-4",0,0.0338756594440605,0,0,0.00112711522139655,0,0.025325068152572,0,0,0.174393998914017,0.00131327518067715,0.00226019220074883,0,0,0,0.0624296687512802,0,0.0541581995449741,0.0192316819955476,0,0.00366645738646971,0.0953868312744471,0,0,0.00235016246489766,0,0
"Glut-DACH2-5",0,0.0358125454188553,0.000746563202405095,0.184523111736312,0.00309102647111657,0,0,0,0.000838859693394466,0.000384101848902525,0,0,0.0751156377625701,0,0,0,0,0.000917788268183607,0.000196579490943757,0.00104578332573422,0.0188150035621944,0,0.136595502586426,0,0,0,0
"Glut-DACH2-6",0,0.00174736517425151,0,0,0,0,0.00234409106365863,0,0,0.0234020772941042,0,0.0013233326992178,0,0,0,0.00118336731920195,0,0.00930648745493735,0.00179177278881352,0,0,0.132293754596485,0,0,0,0.5749076841722,0.000364082164466057
"Glut-DACH2-7",0,0.0483375454412698,0,0.0356665144226894,0.0137096901510051,0,0.000780953884416234,0,0,0.0432375265206809,0,0.00209508349137859,0.000916776744565902,0,0,0.000386411995808146,0,0.0145861860597339,0.000315808224245713,0,0.0740845843995275,0.00906733975599567,0.209519464353553,0.000377183386833113,0,0.00272099176023301,0.000303260243671704
"Glut-DACH2-8",0,0,0.00332928296892699,0,0,0,0,0,0.00048055830801012,0.000343986717253751,0,0.000391649258419093,0,0,0,0,0,0,0.000971194926979781,0,0.001514000891291,0.548103092461973,0,0,0.0029575630239126,0.138617723775611,0
"Glut-DACH2-HVCra",0,0.000830760480716889,0.0114347366856223,0,0.00342624828853343,0,0.00422209663302723,0,0.00147658772979432,0,0,0,0,0.000373816170408968,0,0,0,0.437295951718284,0.000377832804048393,0.000334873717955562,0.0670992906006519,0.000836791128531258,0.00433266673223315,0.00535825442170096,0,0,0
"Glut-DACH2-HVCra-Int",0,0.0206768243171192,0.0013162969836854,0.00500602873416115,0.0122390840264549,0,0,0,0,0.00875040783581886,0,0.00181804258934144,0.00215699181719079,0,0,0.00052530783385554,0,0.11705573770688,0.00148663340759931,0.0259193333393017,0.121927748085109,0.000737228914817632,0.135528633648797,0.0010816534827212,0.00185379751584277,0,0
"Glut-DACH2-HVCx",0,0,0.0105175317389684,0,0.00099719731437533,0,0.41286481309132,0,0,0.0102397948858553,0,0.00759440059956399,0,0,0,0.00220341492090053,0,0.0402763797561765,0.0513117808210182,0,0.000630463469771642,0,0,0,0.0305319709963127,0.00155376386663316,0
"Glut-DACH2-LMANco",0,0,0.0109318329951542,0,0,0,0,0,0.0817544072232363,0,0,0,0,0,0,0,0,0.000388062723023734,0,0,0,0.142311638393245,0,0.000695373268522521,0.00139528537087523,0.357872042073475,0
"Glut-DACH2-LMANsh",0,0.0168842461759329,0.00049986027476229,0.353664796511501,0.00884753598048849,0,0,0,0.00400725007422142,0.00107046589223589,0,0,0.0261774920330241,0,0,0,0,0.0037960266538479,0.0070960821012315,0,0.0226903433311029,0.0223702268449353,0.0121003133831943,0.00101860601261504,0,0.00055345209252358,0.000541553129256572
