,Ex_KIAA1217,Ex_KIAA1217_BCL6,Ex_Pre_SATB2,Ex_Pre_KCNH7,Ex_TSHZ2_NR4A2,Ex_CACNA1H_MCTP2,Ex_SATB2_FOXP2,Ex_SATB2_ZNF385B,Ex_SATB2_SOX6,Ex_SATB2_OVOA,Ex_DACH2_ITGA9,Ex_DACH2_GRIK4,Ex_DACH2_ZMAT4,Ex_DACH2_TAC1,Ex_DACH2_ADAMTS5,Ex_DACH2_MGAT4C,Ex_DACH2_NR4A3,Ex_DACH2_LHX2,Ex_DACH2_CEMIP,Ex_DACH2_LUZP2,Inh_MGE_like_ST18,Inh_OB_CPA6,Inh_OB_FGFRL1,Inh_LGE_like_Pre,Inh_MGE_like_ANO1,Inh_CGE_like_CACNA1B,Inh_CGE_like_MAN1A1,Inh_MGE_like_SST_SLC24A2,Inh_MGE_like_SST_PVALB,Inh_MGE_like_SST_ABI3BP,Inh_LGE_like_FOXP2,Inh_LGE_like_FOXP1_DGKH,Microglia,T-cells,Astrocytes,OPCs,Oligodendrocytes,COPs+NFOLs,Vascular,Ex_BCL6,Ex_DACH2_RORB,Ex_DACH2_SLIT2,Inh_MGE_like_ST18_PVALB,Inh_LGE_like_FOXP1_SGCG,Inh_MGE_like_LHX8,Ex_TCF7L2,Inh_LGE_like_CHODL,Inh_CGE_like_CACNA2D3,Ex_CACNA1H_LHX9,Ex_CACNA1H_PROX1,Inh_LGE_like_STK31,Ex_CACNA1H_CPA6,Ex_CACNA1H_KIT
GABA-8,0.04994,0.01794,0.06881,0.06296,0.03753,0.01758,0.02268,0.02178,0.00767,-0.0025,0.01683,0.00708,0.03722,0.03117,0.00317,-0.00342,0.01811,0.02376,0.03812,0.01836,0.24301,0.06298,0.06894,0.07412,0.18031,0.15987,0.21284,0.23728,0.21446,0.21822,0.11783,0.0688,-0.1259,0.01318,-0.128,-0.01849,-0.06235,-0.02808,-0.13731,0.09961,0.08458,0.05134,0.17569,0.03608,0.27396,0.14249,0.18346,0.19768,0.01639,0.01245,0.10854,0.05283,0.02266
Oligo-1,-0.09679,-0.15865,-0.04551,0.018,-0.14342,-0.13959,-0.13019,-0.11309,-0.15149,-0.13593,-0.1831,-0.11943,-0.13786,-0.14228,-0.10431,-0.11193,-0.12218,-0.08877,-0.15856,-0.0759,-0.06893,0.00563,0.00486,-0.02765,-0.01852,-0.01157,-0.03686,-0.07447,-0.04555,-0.06022,-0.04707,-0.047,0.19309,0.10034,0.14901,0.17394,0.4221,0.28535,0.17692,-0.14169,0.00793,-0.14452,-0.00452,-0.03773,-0.0646,-0.1178,-0.08323,-0.06587,-0.13092,-0.08183,-0.06269,-0.04625,-0.12451
Glut-CACNA1H-1,0.21519,0.27761,0.02621,-0.02068,0.37405,0.27429,0.24391,0.19438,0.20919,0.20536,0.28092,0.17948,0.22763,0.19332,0.16352,0.17322,0.21129,0.16026,0.25812,0.12592,-0.01505,-0.00716,-0.02842,-0.09295,0.01382,-0.03969,-0.02335,-0.01358,0.00145,-0.03833,0.02791,0.06835,-0.14676,0.0075,-0.21461,-0.12364,-0.16348,-0.13464,-0.22499,0.21332,0.10667,0.22817,-0.00958,0.07255,0.03726,0.10202,0.03693,0.02608,0.30639,0.19677,0.07987,0.2562,0.29756
Astro-1,-0.0542,-0.14596,0.00015,0.0922,-0.15233,-0.14669,-0.10981,-0.10132,-0.11895,-0.15718,-0.20791,-0.15798,-0.13747,-0.15283,-0.13304,-0.15312,-0.14825,-0.13718,-0.16778,-0.09048,-0.06664,-0.00105,-0.00048,0.02724,-0.00663,0.03333,0.0167,-0.02675,-0.03413,-0.02022,-0.00605,-0.07812,0.22884,0.05541,0.54651,0.24785,0.22122,0.16848,0.25979,-0.17825,0.02045,-0.15535,0.0028,-0.0591,-0.0137,-0.06868,-0.02553,-0.04083,-0.08982,-0.03367,-0.05993,0.00535,-0.10676
Glut-CACNA1H-4,0.16157,0.2488,0.06433,-0.01735,0.28639,0.34124,0.23975,0.18969,0.23632,0.25647,0.28242,0.26994,0.15661,0.19803,0.18545,0.25502,0.24108,0.26801,0.2319,0.25595,-0.0609,0.01352,0.00202,-0.07072,-0.06065,-0.06645,-0.06043,-0.04772,-0.06374,-0.06106,0.04575,0.11652,-0.14725,-0.00748,-0.24754,-0.1642,-0.18203,-0.15247,-0.22563,0.24642,0.02653,0.26533,-0.09723,0.12771,-0.00345,0.07842,-0.00151,0.01213,0.36993,0.24618,0.08897,0.21003,0.32402
GABA-2-1,0.04031,-0.0095,0.00347,-0.01363,0.02204,-0.05809,-0.07498,-0.03435,-0.04899,-0.08706,-0.0467,-0.06706,-0.02819,-0.02343,-0.06403,-0.05879,-0.04844,-0.05628,-0.03521,-0.0436,0.30918,0.05679,0.07114,0.10199,0.22302,0.1935,0.20695,0.40954,0.34845,0.36094,0.10621,0.07286,-0.09629,0.03755,-0.21647,-0.06409,-0.06822,-0.0372,-0.09258,0.00509,0.03017,-0.03644,0.21149,0.032,0.18776,0.14229,0.16023,0.21456,-0.02275,-0.05831,0.05568,-0.01589,-0.01177
GABA-5-1,0.00448,-0.03501,0.03754,0.05977,0.00331,-0.06048,-0.09001,-0.00457,-0.04966,-0.09685,-0.03543,-0.07035,-0.01839,-0.00582,-0.05801,-0.05542,-0.03372,-0.05116,-0.00372,-0.02728,0.25686,0.0983,0.09156,0.1091,0.25106,0.28639,0.35845,0.26116,0.23035,0.26921,0.14211,0.08429,-0.12017,0.00192,-0.08254,0.02104,-0.04112,0.01625,-0.09708,0.04311,0.02896,-0.01371,0.14812,0.03219,0.13719,0.13658,0.17383,0.30876,-0.02899,-0.04231,0.09476,0.01458,-0.00176
GABA-1-1,0.10407,0.01493,0.0448,0.04165,0.06237,0.01168,0.07555,0.10048,0.08735,0.03635,0.04274,0.05028,0.03046,0.02212,0.08267,0.08741,0.10693,0.05364,0.06546,0.04637,0.11148,0.1669,0.14911,0.12462,0.09625,0.1226,0.14235,0.14038,0.11445,0.11886,0.37,0.27692,-0.11591,0.06304,-0.16982,-0.06722,-0.04796,-0.05458,-0.12431,0.0787,0.03424,0.0441,0.08338,0.194,0.08764,0.08755,0.14628,0.14931,0.05593,-0.00059,0.19135,0.03154,0.00892
GABA-4-2,0.07485,0.00349,-0.03765,-0.03034,0.03842,-0.0093,-0.0566,-0.00933,-0.01758,-0.07853,-0.03116,-0.05558,0.01282,-0.00355,-0.01983,-0.02569,-0.04055,-0.03312,-0.0219,-0.00066,0.27521,0.04402,0.05962,-0.00848,0.29373,0.23167,0.2139,0.31393,0.4378,0.26985,0.08613,0.08223,-0.08061,0.02714,-0.13347,-0.04146,-0.02709,-0.02663,-0.14418,0.04089,0.11646,-0.0056,0.3346,0.06456,0.20159,0.14716,0.15835,0.22816,0.03562,0.03596,0.03928,0.08959,0.05995
GABA-4-1,0.06357,-0.00869,-0.02636,-0.02389,0.01963,-0.05633,-0.05542,-0.03278,-0.01729,-0.08765,-0.03366,-0.08681,0.00317,-0.01641,-0.02382,-0.04053,-0.02853,-0.04825,-0.02676,-0.04481,0.32462,0.06344,0.05524,0.02807,0.31901,0.2521,0.23322,0.39109,0.49388,0.36036,0.09473,0.07339,-0.07486,0.06393,-0.15509,-0.02353,-0.02244,-0.00545,-0.13343,0.02714,0.08876,-0.03342,0.3334,0.02834,0.18988,0.11732,0.16559,0.26092,-0.01688,-0.03476,0.045,0.02489,-0.01336
Glut-CACNA1H-RA,0.21053,0.18923,-0.03771,-0.05638,0.25954,0.18506,0.20756,0.16725,0.15351,0.14046,0.18221,0.10056,0.13523,0.11073,0.09563,0.10089,0.11966,0.1008,0.16398,0.0841,0.02125,-0.01652,-0.00079,-0.0985,0.03295,0.01575,0.01437,0.01293,0.04627,-0.02742,0.01813,0.0634,-0.09835,0.0342,-0.13988,-0.07445,-0.08935,-0.0798,-0.14186,0.11925,0.11588,0.13002,0.07565,0.07056,0.054,0.09271,0.02924,0.03872,0.20657,0.11555,0.0783,0.20021,0.21205
OPC,-0.08748,-0.15538,0.04548,0.08973,-0.16698,-0.15274,-0.13418,-0.10931,-0.14459,-0.20913,-0.24306,-0.19233,-0.18644,-0.18238,-0.19795,-0.19464,-0.20417,-0.17227,-0.2175,-0.12677,0.00811,0.00496,0.00784,0.05875,0.02784,0.06848,0.06874,-0.00406,-0.03065,0.03584,-0.00998,-0.11081,0.09569,0.01118,0.2858,0.4536,0.22071,0.33682,0.17621,-0.1728,-0.05591,-0.17783,-0.00047,-0.07935,0.02153,-0.01732,0.00807,0.05114,-0.11587,-0.03907,-0.05192,0.01156,-0.0849
Glut-CACNA1H-2,0.19695,0.28816,0.07388,0.00493,0.34387,0.32967,0.23842,0.19043,0.23388,0.27559,0.31144,0.24189,0.21216,0.21253,0.20485,0.24101,0.26304,0.24667,0.2666,0.21071,-0.04782,0.0165,-0.0004,-0.05274,-0.04185,-0.0645,-0.04649,-0.0205,-0.04426,-0.05363,0.06556,0.12143,-0.14554,-0.00731,-0.24477,-0.15011,-0.17015,-0.13619,-0.23103,0.24658,0.06343,0.27745,-0.06261,0.10786,-0.00036,0.09401,0.04092,0.00165,0.3421,0.23738,0.10117,0.23852,0.34083
Astro-2,-0.05166,-0.13733,0.00302,0.08915,-0.14615,-0.14408,-0.10686,-0.09761,-0.11582,-0.14955,-0.21435,-0.16129,-0.14757,-0.16041,-0.14724,-0.1539,-0.15788,-0.1374,-0.18893,-0.0888,-0.05866,0.00215,0.00029,0.02788,0.00659,0.03778,0.01898,-0.01543,-0.03258,-0.01406,-0.01136,-0.07273,0.21885,0.04435,0.55449,0.25287,0.21285,0.16179,0.26642,-0.18294,0.00282,-0.1624,0.00291,-0.05976,-0.01516,-0.06571,-0.02472,-0.03652,-0.08742,-0.0257,-0.06423,0.0183,-0.0935
GABA-6,0.0109,-0.02883,0.03675,-0.00726,-0.014,-0.11256,-0.08568,-0.02898,-0.05281,-0.10666,-0.09058,-0.08804,-0.05426,-0.05069,-0.05937,-0.03662,-0.04791,-0.04549,-0.07758,-0.0229,0.23426,0.11034,0.09345,0.05904,0.40724,0.29185,0.28603,0.2572,0.29072,0.27733,0.09884,0.04529,-0.0891,0.00082,-0.05403,0.03997,-0.00703,0.03336,-0.07478,3e-05,0.04668,-0.05867,0.2217,0.02209,0.14026,0.09881,0.13228,0.25738,-0.05742,-0.01881,0.03261,0.01144,-0.04734
Oligo-3,-0.11445,-0.16885,0.01087,0.06301,-0.16539,-0.16085,-0.16115,-0.14109,-0.1599,-0.16448,-0.23817,-0.19158,-0.17421,-0.18643,-0.15543,-0.16863,-0.17837,-0.15617,-0.21512,-0.10955,-0.06628,-0.00357,-0.03231,0.04071,-0.00804,-0.00656,-0.04295,-0.03903,-0.03879,-0.02118,-0.0352,-0.09228,0.24769,0.07576,0.43795,0.27502,0.35758,0.27944,0.25761,-0.19195,-0.0103,-0.20743,0.01639,-0.08817,-0.05503,-0.1083,-0.04892,-0.07889,-0.12876,-0.03566,-0.0926,-0.02794,-0.11821
GABA-3,0.09711,0.01861,-0.01694,-0.02716,0.04018,-0.02511,-0.04863,-0.00582,-0.01142,-0.0856,-0.01635,-0.06775,0.02567,0.01641,-0.03473,-0.03939,-0.04189,-0.04594,-0.00952,-0.03507,0.34656,0.06534,0.07421,0.02972,0.33665,0.25922,0.25198,0.40555,0.51522,0.37823,0.09881,0.08945,-0.10407,0.03982,-0.15669,-0.04156,-0.05304,-0.03492,-0.15816,0.05801,0.10205,-0.00752,0.33197,0.04862,0.20691,0.14075,0.17758,0.26659,-0.01363,-0.01346,0.04672,0.04356,0.02669
Glut-DACH2-1,0.1313,0.16179,0.00696,-0.02868,0.18666,0.29011,0.28071,0.19746,0.28971,0.39446,0.42242,0.41043,0.31677,0.30423,0.42412,0.4638,0.46535,0.4176,0.32498,0.34916,-0.0582,0.0143,0.01962,-0.06035,-0.05591,-0.08392,-0.06202,-0.06177,-0.04244,-0.06757,0.09262,0.17973,-0.12872,0.02719,-0.21589,-0.17005,-0.15498,-0.15464,-0.24572,0.2681,0.10027,0.37169,-0.04087,0.16646,-0.02862,-0.0214,-0.01107,-0.04105,0.20911,0.17797,0.09913,0.07613,0.18742
GABA-5-2,-0.02292,-0.06259,0.04655,0.04942,-0.03343,-0.10781,-0.12272,-0.04433,-0.08555,-0.16985,-0.12934,-0.12157,-0.09009,-0.09123,-0.13652,-0.127,-0.10617,-0.12005,-0.07572,-0.08036,0.2726,0.13538,0.08911,0.14511,0.22816,0.35961,0.36084,0.23758,0.21283,0.2544,0.13213,0.06108,-0.12462,-0.02125,-0.08209,0.0455,-0.03281,0.03128,-0.07231,-0.02746,0.00428,-0.0916,0.12896,0.02096,0.15241,0.12967,0.16024,0.3125,-0.06779,-0.06237,0.07669,0.00272,-0.02864
Glut-GABA,0.13326,0.16718,0.04778,-0.01631,0.16419,0.18521,0.22645,0.17754,0.22581,0.26614,0.28983,0.26342,0.22577,0.22738,0.28366,0.28698,0.31932,0.24673,0.23781,0.18758,0.00127,0.08096,0.07171,0.04376,-0.02367,-0.03796,-0.0096,0.00104,-0.02065,0.00602,0.19779,0.26855,-0.20061,-0.01123,-0.30297,-0.15971,-0.1966,-0.14985,-0.26863,0.18758,0.04185,0.22854,-0.0245,0.20356,0.04952,0.08114,0.07012,0.02318,0.14134,0.08065,0.15465,0.0309,0.12095
Micro,-0.14046,-0.18188,-0.01561,0.05157,-0.17526,-0.1603,-0.1659,-0.12388,-0.14641,-0.17559,-0.25868,-0.19871,-0.18452,-0.21848,-0.1761,-0.18169,-0.20519,-0.15902,-0.22769,-0.09021,-0.11828,-0.05246,-0.04572,0.02268,-0.09516,-0.05994,-0.08889,-0.09402,-0.09005,-0.06412,-0.08522,-0.14814,0.44373,0.1415,0.34606,0.17594,0.24731,0.16609,0.32374,-0.23031,-0.03873,-0.22467,-0.04959,-0.12705,-0.10643,-0.14969,-0.08641,-0.12044,-0.11372,-0.08066,-0.11343,-0.08214,-0.14253
Oligo-2,-0.10062,-0.17323,-0.01419,0.04872,-0.12854,-0.17082,-0.14363,-0.12927,-0.14712,-0.14987,-0.20682,-0.15676,-0.149,-0.16748,-0.11724,-0.13791,-0.14457,-0.12697,-0.18055,-0.1016,-0.0302,0.03054,-0.00383,0.02662,0.00464,0.00204,-0.01823,-0.04316,-0.02473,-0.00825,-0.0163,-0.05253,0.23169,0.09422,0.19179,0.18998,0.44604,0.28642,0.22053,-0.16804,0.00984,-0.19244,0.02829,-0.04777,-0.05271,-0.12975,-0.05661,-0.059,-0.15759,-0.11182,-0.05562,-0.06513,-0.15258
GABA-1-2,0.07125,-0.01562,0.07485,0.07084,0.04374,-0.01947,0.01468,0.03356,0.03219,-0.02666,-0.00495,-0.01563,-0.01693,-0.0037,-0.00687,0.00724,0.02423,-0.00913,0.02617,0.01072,0.10735,0.16036,0.13786,0.15943,0.07388,0.13019,0.13611,0.13538,0.08504,0.12742,0.34913,0.25004,-0.11149,0.04662,-0.16249,-0.04159,-0.08073,-0.05333,-0.1264,0.03379,-0.0284,0.01845,0.04774,0.17494,0.10863,0.10339,0.16343,0.14372,0.05026,-0.02044,0.18208,0.0173,0.01314
GABA-2-3,0.02768,-0.0054,-0.02543,-0.05287,0.02937,-0.04008,-0.08224,-0.01861,-0.08157,-0.12633,-0.06325,-0.08642,-0.03289,-0.02738,-0.10459,-0.08135,-0.08376,-0.07051,-0.05054,-0.0584,0.31608,0.06194,0.07513,0.05085,0.25423,0.21607,0.22625,0.43796,0.36193,0.35529,0.08474,0.06609,-0.15133,0.01021,-0.21054,-0.07396,-0.12365,-0.04505,-0.1381,0.0202,0.03088,-0.03495,0.23264,0.0449,0.22181,0.15915,0.17683,0.23455,-0.01537,-0.0211,0.05935,0.04643,0.01595
Glut-CACNA1H-3,0.21139,0.26805,0.03309,-0.00322,0.36347,0.26934,0.24972,0.19056,0.22533,0.22222,0.29559,0.19161,0.24263,0.20409,0.19625,0.19802,0.25393,0.18031,0.26772,0.13566,-0.03381,-0.0099,-0.02487,-0.08185,0.00295,-0.05505,-0.02718,-0.0257,-0.0064,-0.0436,0.04077,0.07111,-0.10629,0.02313,-0.20754,-0.12032,-0.12304,-0.1239,-0.20346,0.20116,0.10761,0.23556,-0.01974,0.07657,0.0202,0.07334,0.03819,0.00725,0.2834,0.18689,0.07966,0.24214,0.28087
Endo,-0.11536,-0.16609,0.00746,0.02351,-0.17811,-0.16342,-0.19741,-0.14018,-0.1818,-0.20918,-0.28375,-0.2265,-0.21734,-0.20889,-0.22566,-0.23326,-0.22781,-0.18954,-0.23979,-0.14525,-0.07926,-0.03954,-0.04385,0.02873,-0.08784,-0.04493,-0.05941,-0.08839,-0.10465,-0.03485,-0.10743,-0.12891,0.22072,0.05127,0.27541,0.15829,0.16533,0.14292,0.48628,-0.22812,-0.06169,-0.24551,-0.07617,-0.11985,-0.10019,-0.06946,-0.11212,-0.08958,-0.14062,-0.10343,-0.0887,-0.04701,-0.14755
GABA-7,0.08512,0.018,0.03471,0.01586,0.02571,-0.05234,-0.02233,-0.00189,0.00942,-0.06763,0.01313,-0.06831,0.04746,0.02902,-0.01824,-0.03065,-0.01161,-0.04731,0.02602,-0.02103,0.3683,0.06799,0.08805,0.08561,0.28373,0.26054,0.27651,0.32913,0.33413,0.31954,0.15068,0.09151,-0.15768,0.01983,-0.14226,-0.04851,-0.07678,-0.01546,-0.14499,0.07896,0.08003,0.02328,0.2398,0.04818,0.18679,0.16206,0.22648,0.27494,-0.03857,-0.01804,0.06679,0.02962,-0.00692
GABA-2-2,0.03546,0.00425,0.01527,-0.00858,0.02153,-0.05555,-0.07591,-0.02292,-0.06128,-0.11812,-0.05352,-0.07971,-0.03638,-0.01414,-0.09828,-0.07109,-0.08352,-0.0723,-0.03555,-0.06526,0.30434,0.07115,0.09143,0.10012,0.27864,0.22817,0.24679,0.43641,0.38866,0.42132,0.11248,0.07018,-0.16326,0.00868,-0.20332,-0.06938,-0.12813,-0.06282,-0.13852,0.02662,0.00682,-0.02397,0.21337,0.04394,0.2105,0.15372,0.1581,0.25953,-0.04532,-0.04061,0.04574,-0.0106,0.0063
GABA-Im,0.01208,0.00408,0.04206,0.00549,0.0153,-0.0493,-0.0863,-0.05516,-0.07512,-0.10868,-0.04816,-0.1034,-0.04676,-0.02575,-0.10132,-0.0959,-0.09532,-0.10115,-0.03209,-0.08374,0.29379,0.084,0.06145,0.14861,0.20137,0.19469,0.19906,0.3067,0.27584,0.3218,0.12575,0.06523,-0.18626,-0.01097,-0.24634,-0.05961,-0.1299,-0.03547,-0.15184,0.03646,-0.01491,-0.03178,0.165,-0.00062,0.18687,0.18303,0.19366,0.24737,-0.0168,-0.05489,0.09515,-0.02739,-0.00544
Glut-Im,0.12573,0.16274,0.09108,0.05571,0.19897,0.30092,0.28829,0.20483,0.22977,0.34217,0.37264,0.47334,0.26816,0.28746,0.32995,0.3675,0.36085,0.34199,0.3042,0.28386,-0.07761,0.02507,0.03586,-0.03573,-0.06195,-0.10817,-0.05812,-0.05623,-0.0654,-0.07026,0.04306,0.1702,-0.18087,-0.02124,-0.21586,-0.17139,-0.16521,-0.14046,-0.23592,0.26485,0.0603,0.33934,-0.07972,0.15282,0.00581,-0.00459,-0.02508,-0.03156,0.21938,0.18123,0.08535,0.0985,0.18728
Glut-DACH2-2,0.12959,0.10737,-0.01526,-0.04287,0.17387,0.25191,0.27152,0.19969,0.27178,0.35935,0.37069,0.37317,0.28153,0.25762,0.40055,0.42522,0.43671,0.39248,0.27686,0.30678,-0.04855,-0.00451,0.0026,-0.06377,-0.05137,-0.0727,-0.04514,-0.06516,-0.02431,-0.06733,0.09764,0.16519,-0.08963,0.0501,-0.18365,-0.13886,-0.09657,-0.10987,-0.20186,0.20639,0.10985,0.3031,-0.027,0.16105,-0.00968,-0.03823,-0.00444,-0.05154,0.17565,0.1481,0.0848,0.07142,0.13863
Glut-DACH2-HVCra-Int,0.15002,0.15764,0.00363,-0.05901,0.21388,0.27392,0.28034,0.22351,0.2989,0.33512,0.37138,0.3186,0.28916,0.26954,0.34963,0.363,0.38295,0.33144,0.28413,0.27286,-0.04862,-0.00544,0.00033,-0.06829,-0.03732,-0.04731,-0.03126,-0.06714,-0.02578,-0.07924,0.05644,0.16651,-0.10817,0.04717,-0.20324,-0.13118,-0.13413,-0.10614,-0.22662,0.2285,0.11994,0.3019,-0.03895,0.15121,-0.00491,-0.00714,0.01675,-0.01031,0.20204,0.16425,0.09474,0.10654,0.18919
Glut-DACH2-4,0.21774,0.28138,0.01678,-0.05395,0.27612,0.30706,0.33407,0.23867,0.33068,0.35632,0.44379,0.31198,0.36675,0.32708,0.3433,0.34197,0.37396,0.31292,0.36233,0.24305,-0.03642,-0.0345,-0.01819,-0.08439,-0.03165,-0.08929,-0.07018,-0.03415,-0.03139,-0.04587,0.04143,0.11768,-0.12803,0.04571,-0.27246,-0.20081,-0.17166,-0.16564,-0.25943,0.28175,0.14807,0.37624,-0.02345,0.09582,-0.04357,0.03134,0.00825,-0.00947,0.22694,0.16681,0.09857,0.12554,0.22103
Glut-DACH2-3,0.16992,0.23906,0.03692,0.00635,0.20946,0.26762,0.26141,0.19341,0.2727,0.30225,0.41556,0.27733,0.3942,0.33518,0.31171,0.28885,0.32464,0.26084,0.39762,0.21781,-0.04169,-0.04249,-0.01095,-0.07426,-0.03856,-0.08211,-0.0739,-0.03719,-0.03602,-0.05908,0.03155,0.11336,-0.15517,0.01564,-0.24419,-0.1756,-0.18896,-0.15431,-0.24572,0.28484,0.15541,0.40824,-0.05031,0.07917,-0.01753,0.05181,0.0213,-0.01819,0.21083,0.166,0.09373,0.11141,0.19501
Glut-NB,0.05158,0.06864,0.27695,0.32011,0.08705,0.12042,0.09107,0.07255,0.04132,0.07596,0.10257,0.18352,0.06498,0.10265,0.04695,0.05879,0.04915,0.07124,0.12398,0.10692,-0.03352,0.05481,0.05314,0.13502,-0.04833,-0.00149,0.01512,-0.0199,-0.05343,-9e-05,0.01625,0.07326,-0.1064,-0.0213,-0.11718,-0.02967,-0.05864,0.01114,-0.12348,0.13967,-0.00037,0.12029,-0.04556,0.08049,0.05279,0.04151,0.0307,0.04086,0.12812,0.10309,0.07972,0.06881,0.12506
Epen,-0.07142,-0.08142,0.04636,0.11587,-0.11903,-0.06427,-0.09743,-0.06492,-0.0865,-0.10361,-0.17514,-0.11253,-0.1656,-0.10827,-0.15002,-0.12207,-0.16884,-0.09732,-0.13468,-0.05106,-0.0827,0.03038,0.02021,0.04832,-0.04008,-0.02473,-0.03838,-0.0451,-0.06618,-0.03876,-0.04671,-0.08043,0.14129,-0.00902,0.40808,0.18114,0.14593,0.13876,0.21027,-0.09372,-0.04018,-0.10176,-0.06482,-0.02325,-0.05644,-0.03601,-0.03337,-0.04031,-0.01019,0.05424,-0.03933,0.02581,-0.00849
Glut-DACH2-HVCra,0.1588,0.15871,-0.01681,-0.06,0.1723,0.20767,0.20983,0.17965,0.22317,0.23382,0.2688,0.19596,0.22642,0.23467,0.24113,0.23204,0.25084,0.20865,0.21563,0.17311,-0.03102,-0.01647,-0.00816,-0.09617,0.00887,-0.02398,-0.01918,-0.03354,0.0143,-0.06489,0.01085,0.1251,-0.05633,0.05555,-0.11624,-0.08301,-0.08456,-0.07399,-0.14777,0.14557,0.13584,0.22129,0.00542,0.123,0.00315,-0.00809,0.03408,-0.00947,0.15315,0.11243,0.03002,0.10701,0.1512
Glut-NSC,-0.10033,-0.10892,0.0687,0.1612,-0.13628,-0.07449,-0.12551,-0.06599,-0.12949,-0.12835,-0.20178,-0.13245,-0.19162,-0.13411,-0.18505,-0.15615,-0.21156,-0.11543,-0.1749,-0.06155,-0.09593,0.00474,0.01457,0.07105,-0.05519,-0.02678,-0.05442,-0.06081,-0.1042,-0.0407,-0.07239,-0.11236,0.15082,-0.00894,0.35777,0.17477,0.12086,0.11351,0.24497,-0.10448,-0.06918,-0.12599,-0.07182,-0.04826,-0.03954,-0.01387,-0.04329,-0.05652,-0.03161,0.04588,-0.05356,0.01191,-0.01571
Glut-DACH2-HVCx,0.25066,0.29409,0.01312,-0.05877,0.26723,0.25596,0.27671,0.20611,0.25827,0.24961,0.3136,0.19566,0.24909,0.25408,0.20998,0.22502,0.21824,0.19733,0.24216,0.15803,-0.04065,-0.02097,-0.00948,-0.08777,-0.00507,-0.05886,-0.04916,-0.02532,0.00631,-0.06303,0.02076,0.11498,-0.09683,0.05159,-0.18792,-0.13004,-0.13971,-0.13544,-0.19355,0.19533,0.14233,0.24971,0.02025,0.11177,-0.03261,0.04376,0.05694,-0.00216,0.21869,0.1646,0.08655,0.18015,0.23257
Glut-DACH2-5,0.10396,0.07502,-0.0147,-0.02416,0.12821,0.22703,0.2371,0.17093,0.22312,0.32786,0.3523,0.33255,0.28736,0.26621,0.39848,0.40035,0.40261,0.35861,0.26181,0.2795,-0.05737,-0.00894,0.00259,-0.06207,-0.061,-0.08576,-0.05017,-0.07486,-0.01582,-0.08278,0.06842,0.14323,-0.08353,0.04963,-0.15245,-0.1266,-0.07784,-0.10326,-0.18647,0.17575,0.11285,0.27199,-0.01389,0.14012,-0.01823,-0.04466,-0.01568,-0.0719,0.11583,0.13275,0.06747,0.06472,0.09071
Astro-3,-0.06428,-0.15344,-0.00356,0.06632,-0.14176,-0.13183,-0.10787,-0.08664,-0.12521,-0.14955,-0.21112,-0.1482,-0.14872,-0.16541,-0.13528,-0.14938,-0.15076,-0.13412,-0.18482,-0.0914,-0.08561,4e-05,0.00101,0.0086,-0.00518,0.03183,-0.00158,-0.05594,-0.05173,-0.05311,-0.03464,-0.09716,0.21106,0.03738,0.52955,0.24021,0.20468,0.14502,0.26566,-0.18133,0.00147,-0.16497,-0.0102,-0.0708,-0.03175,-0.08284,-0.055,-0.06039,-0.09516,-0.02668,-0.07511,0.01932,-0.10198
Glut-DACH2-7,0.16563,0.16603,0.00083,-0.02177,0.20134,0.24861,0.30946,0.20745,0.27131,0.33781,0.4078,0.34531,0.33493,0.31394,0.37765,0.37661,0.39508,0.30398,0.32057,0.23138,-0.06078,-0.00135,0.02724,-0.06967,-0.04843,-0.07263,-0.03402,-0.07257,-0.03023,-0.0655,0.04814,0.14803,-0.14951,0.03079,-0.20702,-0.14261,-0.16214,-0.13164,-0.2292,0.22951,0.10192,0.32192,-0.03628,0.12942,-0.02701,-0.01488,-0.003,-0.03137,0.14309,0.13441,0.0896,0.07837,0.14343
Glut-SATB2-1,0.19167,0.21759,0.01484,-0.02516,0.20391,0.25657,0.32615,0.25816,0.32553,0.29733,0.31158,0.25796,0.24711,0.24667,0.26173,0.27429,0.28921,0.24198,0.26554,0.19467,-0.04364,0.059,0.06468,-0.02529,-0.055,-0.0506,-0.02402,-0.05336,-0.03367,-0.04133,0.07205,0.15527,-0.17046,0.01745,-0.24174,-0.14266,-0.20344,-0.15294,-0.22124,0.22924,0.0697,0.26826,-0.04645,0.13161,-0.01412,0.04302,0.01665,-0.01775,0.16871,0.16325,0.10118,0.1031,0.1927
Glut-DACH2-6,0.21011,0.25991,0.0094,-0.03027,0.22858,0.22506,0.25626,0.19501,0.25181,0.23641,0.37902,0.20592,0.3742,0.32038,0.27155,0.23105,0.27427,0.17791,0.39165,0.13077,-0.01671,-0.03332,-0.00133,-0.07154,0.00345,-0.06228,-0.0495,-0.01003,0.01619,-0.02647,-0.00931,0.07795,-0.15873,0.02741,-0.23431,-0.15974,-0.1817,-0.14689,-0.21301,0.24065,0.14393,0.29698,-0.02041,0.05293,-0.00443,0.05194,0.01143,-0.00991,0.14798,0.12094,0.08167,0.11318,0.15898
Glut-DACH2-8,0.19883,0.22655,0.00791,-0.01581,0.24365,0.24517,0.29683,0.20304,0.2746,0.2804,0.4112,0.27085,0.41233,0.33883,0.33045,0.27612,0.31692,0.24309,0.4012,0.1598,-0.04125,-0.03795,0.0047,-0.08499,-0.00406,-0.09888,-0.04667,-0.02645,0.00702,-0.04765,0.02373,0.09319,-0.13562,0.02752,-0.23044,-0.14548,-0.14492,-0.13005,-0.20988,0.22871,0.17335,0.31944,-0.00211,0.07212,0.01001,0.04955,0.01759,-0.03043,0.14679,0.11302,0.09402,0.08915,0.13398
Glut-DACH2-LMANsh,0.1211,0.1133,-0.00992,-0.03013,0.15602,0.21484,0.24562,0.18477,0.22776,0.28666,0.3384,0.28306,0.31368,0.2732,0.3503,0.31567,0.3537,0.28654,0.2912,0.20827,-0.03681,-0.01161,0.01601,-0.06639,-0.03027,-0.07149,-0.02261,-0.05641,0.00239,-0.07817,0.0416,0.13751,-0.09484,0.0581,-0.1623,-0.11193,-0.09847,-0.11509,-0.18957,0.17183,0.13678,0.24358,0.00454,0.1228,-0.00662,-0.00936,0.00747,-0.04028,0.11081,0.11599,0.09654,0.0823,0.09592
Glut-DACH2-LMANco,0.15916,0.16857,-0.03036,-0.04387,0.1991,0.16864,0.22463,0.17129,0.20982,0.18793,0.28579,0.15305,0.31932,0.25315,0.22898,0.18713,0.1917,0.17646,0.30083,0.12013,0.00351,-0.05222,-0.00882,-0.06978,0.04068,-0.04362,-0.00186,0.00892,0.04813,-0.03078,0.01428,0.08304,-0.09833,0.00581,-0.16552,-0.09546,-0.10235,-0.09315,-0.17051,0.15582,0.19069,0.21104,0.07861,0.08796,0.04001,0.08034,0.04817,-0.00339,0.12644,0.10134,0.06334,0.10012,0.12819
