,Astrocytes,COPs+NFOLs,Ex_BCL6,Ex_CACNA1H_CPA6,Ex_CACNA1H_KIT,Ex_CACNA1H_LHX9,Ex_CACNA1H_MCTP2,Ex_CACNA1H_PROX1,Ex_DACH2_ADAMTS5,Ex_DACH2_CEMIP,Ex_DACH2_GRIK4,Ex_DACH2_ITGA9,Ex_DACH2_LHX2,Ex_DACH2_LUZP2,Ex_DACH2_MGAT4C,Ex_DACH2_NR4A3,Ex_DACH2_RORB,Ex_DACH2_SLIT2,Ex_DACH2_TAC1,Ex_DACH2_ZMAT4,Ex_KIAA1217,Ex_KIAA1217_BCL6,Ex_Pre_KCNH7,Ex_Pre_SATB2,Ex_SATB2_FOXP2,Ex_SATB2_OVOA,Ex_SATB2_SOX6,Ex_SATB2_ZNF385B,Ex_TCF7L2,Ex_TSHZ2_NR4A2,Inh_CGE_like_CACNA1B,Inh_CGE_like_CACNA2D3,Inh_CGE_like_MAN1A1,Inh_LGE_like_FOXP1_DGKH,Inh_LGE_like_FOXP1_SGCG,Inh_LGE_like_FOXP2,Inh_LGE_like_Pre,Inh_MGE_like_ANO1,Inh_MGE_like_LHX8,Inh_MGE_like_SST_ABI3BP,Inh_MGE_like_SST_PVALB,Inh_MGE_like_SST_SLC24A2,Inh_MGE_like_ST18,Inh_MGE_like_ST18_PVALB,Inh_OB_CPA6,Inh_OB_FGFRL1,Microglia,OPCs,Oligodendrocytes,Vascular
Astro-1,0.955359324038886,0.0,0.0,0.0,0.0,0.0,0.0,0.0,0.0,0.0,0.0,0.0,0.0,0.001120075087823,0.0,0.0,0.0,0.0,0.0,0.0,0.0,0.0,0.0010132494861863,0.0,0.0,0.0,0.0,0.0,0.0,0.0,0.0,0.0,0.0,0.001794667373171,0.0,0.0,0.0,0.0,0.0,0.0007675408752165,0.0,0.0,0.0,0.0,0.0,0.0,0.0,0.0,0.0,0.0031356204668176
Astro-2,0.977347907428822,0.0,0.0,0.0,0.0,0.0,0.0,0.0,0.0,0.0,0.0,0.0,0.0,0.0002618891640349,0.0,0.0,0.0,0.0,0.0,0.0,0.0,0.0,0.0,0.0,0.0,0.0,0.0,0.0,0.0,0.0,0.0,0.0,0.0,0.0002907523562267,0.0,0.0,0.0,0.0,0.0,0.0,0.0,0.0,0.0,0.0,0.0,0.0,0.0,0.0,0.0,0.0012483046612596
Astro-3,0.990831898209163,0.0,0.0,0.0,0.0,0.0,0.0,0.0,0.0,0.0,0.0,0.0,0.0,0.0006182765390805,0.0,0.0,0.0,0.0,0.0,0.0,0.0,0.0,0.0,0.0,0.0,0.0,0.0,0.0,0.0,0.0,0.0,0.0,0.0,0.0,0.0,0.0,0.0,0.0,0.0,0.0002808506688357,0.0,0.0,0.0,0.0,0.0,0.0,0.0,0.0,0.0,0.0
Endo,0.0806511952709856,0.0,0.0,0.0,0.0,0.0,0.0,0.0,0.0,0.0,0.0,0.0,0.0,0.0091531482125166,0.0,0.0,0.0,0.0,0.0,0.0,0.0,0.0,0.0,0.0,0.0,0.0,0.0,0.0,0.0,0.0,0.0,0.0,0.0,0.0,0.0,0.0,0.0,0.0,0.0,0.0,0.0,0.0,0.0,0.0,0.0,0.0,0.0135135135135135,0.0053663166711056,0.0,0.780951990170631
Epen,0.0092229992621303,0.0,0.0,0.0,0.0,0.0,0.0,0.0018709472244816,0.0,0.0,0.0,0.0,0.0061669289396027,0.0690679002324467,0.0,0.0,0.0,0.0,0.0084565313821324,0.0,0.0,0.0,0.0,0.0,0.0,0.0290187873433549,0.0,0.0,0.0,0.0,0.0,0.0,0.0,0.0,0.0,0.0,0.0,0.0,0.0,0.0,0.0,0.0,0.0,0.0,0.0026405512743198,0.001306976037784,0.0,0.0,0.0036567183253956,0.256438568955728
GABA-1-1,0.0,0.0,0.0,0.0,0.0,0.0,0.0,0.0,0.0,0.0,0.0,0.0,0.0,0.0,0.0,0.0007907491024391,0.0,0.0,0.0,0.0,0.0,0.0,0.0003369549719963,0.0,0.0,0.0,0.0002188410825281,0.0,0.0,0.0,0.0,0.0,0.0,0.0886490385793286,0.0028638415416322,0.722642698518498,0.0009471631987369,0.0,0.0,0.0,0.0,0.0,0.0,0.0,0.0,0.0,0.0,0.0,0.0,0.0
GABA-1-2,0.0,0.0,0.0,0.0,0.0,0.0,0.0,0.0,0.0,0.0,0.0,0.0,0.0,0.0,0.0,0.0,0.0,0.0015059082106442,0.0,0.0,0.0,0.0,0.001856322879497,0.0,0.0,0.0,0.0,0.0,0.0,0.0,0.0,0.0,0.0,0.270319562920654,0.0052520145875132,0.351752899972184,0.0255510817466706,0.0,0.0,0.0,0.0,0.0,0.0,0.0,0.0211117821058368,0.0,0.015063586742083,0.0,0.0,0.0016
GABA-2-1,0.0,0.0,0.0004608031103321,0.0,0.0,0.0,0.0,0.0,0.0,0.0,0.0,0.0024175944067158,0.0005593663413901,0.0002364149700937,0.0,0.0,0.0004615316590594,0.0,0.0,0.0,0.0,0.0,0.0010941630672253,0.0,0.0003401671288548,0.0100738820210816,0.0006538194645147,0.0,0.0,0.0,0.0,0.0,0.0,0.0,0.0,0.0,0.0005787758707159,0.0,0.0,0.0553429804981347,0.0177579842588284,0.571885142244906,0.0032131243892228,0.0,0.0,0.0,0.0029476319877245,0.0,0.0,0.0
GABA-2-2,0.0,0.0,0.0,0.0,0.0,0.0,0.0,0.0,0.0,0.0,0.0,0.0,0.0,0.0,0.0,0.0,0.0,0.0,0.0,0.0,0.0,0.0,0.0004915051813461,0.0,0.0,0.0,0.0,0.0,0.0,0.0,0.0,0.0,0.0,0.0,0.0,0.0,0.0036226622082382,0.0,0.0,0.561785609149218,0.0,0.178178695594279,0.0,0.0,0.0,0.0,0.0,0.0011160602655193,0.0,0.0019801980198019
GABA-2-3,0.0,0.0,0.0,0.0,0.0,0.0,0.0,0.0,0.0,0.0,0.0,0.0,0.0,0.0,0.0,0.0,0.0,0.0,0.0,0.0,0.0,0.0,0.0,0.0,0.0,0.0,0.0,0.0,0.0,0.0,0.0,0.0,0.0,0.0,0.0,0.0,0.0,0.0,0.0,0.0017411422801989,0.0046024931429889,0.932768887125183,0.0,0.0,0.0,0.0,0.0045939464138445,0.002293534151572,0.0,0.0
GABA-3,0.0,0.0,0.0,0.0,0.0,0.0,0.0,0.0,0.0,0.0,0.0,0.0,0.0,0.0,0.0,0.0,0.0,0.0,0.0,0.0,0.0,0.0,0.0,0.0,0.0,0.0,0.0,0.0,0.0,0.0,0.0,0.0,0.0,0.0,0.0,0.0,0.0,0.0006551470728859,0.0,0.0431286152183797,0.801411954347933,0.0,0.0046830491097098,0.0015632787671374,0.0,0.0,0.0009178936423137,0.0,0.0,0.0
GABA-4-1,0.0,0.0,0.0,0.0,0.0,0.0,0.0,0.0,0.0,0.0,0.0,0.000273698549661,0.000678928757878,0.0,0.0,0.0,0.0,0.0,0.0,0.0,0.0,0.0,0.0003777605910021,0.0,0.0,0.001083970694139,0.0,0.0,0.0,0.0,0.0,0.0,0.0,0.0,0.0,0.0,0.0,0.001247389745024,0.0,0.00087866034822,0.809848519358389,0.0098976943481462,0.0012459443552338,0.0072811613162415,0.0,0.0,0.0015809615130848,0.0,0.0,0.0
GABA-4-2,0.0,0.0,0.0,0.0,0.0,0.0,0.0,0.0,0.0,0.0,0.0,0.0,0.0,0.0,0.0,0.0,0.0,0.0,0.0,0.0,0.0,0.0,0.0,0.0,0.0,0.0,0.0,0.0,0.0,0.0,0.0,0.0,0.0,0.0,0.0,0.0,0.0,0.0,0.0,0.0,0.343800449487232,0.0,0.0,0.407253000098302,0.0,0.0,0.0015012669295801,0.0,0.0,0.0
GABA-5-1,0.0,0.0,0.0,0.0,0.0,0.0,0.0,0.0,0.0,0.0,0.0,0.0,0.0,0.0,0.0,0.0,0.0,0.0,0.0,0.0,0.0,0.0,0.0,0.0,0.0,0.0,0.0010453608869572,0.0,0.0,0.0,0.007277392907618,0.0015271016454351,0.811192145017519,0.0,0.0,0.0,0.0,0.0,0.0,0.0,0.0,0.0,0.0,0.0,0.0,0.0,0.0028140831964943,0.0028217603365364,0.0,0.0054477827545031
GABA-5-2,0.0,0.0,0.0,0.0,0.0,0.0,0.0,0.0,0.0,0.0,0.0,0.0,0.0,0.0,0.0,0.0,0.0,0.0,0.0,0.0,0.0,0.0,0.0,0.0,0.0,0.0,0.0,0.0,0.0,0.0,0.526158625152623,0.0,0.259068095753504,0.0,0.0,0.0,0.0,0.0,0.0,0.0,0.0,0.0,0.0,0.0,0.0,0.0,0.0023419203747072,0.0028983499031431,0.0,0.0022896131675977
GABA-6,0.0010504713540911,0.0,0.0,0.0,0.0,0.0,0.0,0.0,0.0,0.0,0.0017609352131598,0.0,0.0,0.0,0.0,0.0,0.0,0.0,0.0,0.0,0.0,0.0,0.0003953273103538,0.0,0.0,0.0,0.0,0.0,0.0,0.0,0.0,0.0,0.0,0.0,0.0,0.0,0.0,0.985203213149334,0.0,0.0,0.0,0.0,0.0,0.0,0.0,0.0,0.0024797286222774,0.0,0.0,0.0
GABA-7,0.0,0.0,0.0,0.0,0.0,0.0,0.0,0.0,0.0,0.0,0.0,0.0,0.0,0.0,0.0,0.0,0.0,0.0,0.0,0.0,0.0,0.0,0.0,0.0,0.0,0.0,0.0,0.0,0.0,0.0,0.0,0.0,0.0,0.0,0.0,0.0,0.0,0.0,0.0,0.0026370949584556,0.0,0.0,0.970507616572342,0.0,0.0,0.0,0.0,0.0,0.0,0.0
GABA-8,0.0,0.0,0.0,0.0,0.0019257867789846,0.0,0.0,0.0,0.0,0.002485631546714,0.0,0.0,0.0,0.0,0.0,0.0,0.0,0.0,0.0,0.0,0.0,0.0,0.0,0.0,0.0,0.0,0.0,0.0,0.0016656370764533,0.0,0.0,0.0,0.0,0.0,0.0,0.0,0.0,0.0,0.872254160676513,0.0006925999288695,0.0,0.0023798242614402,0.0011838828334995,0.0,0.0013420525550409,0.0,0.0,0.0,0.0,0.0
GABA-Im,0.0,0.0,0.0,0.0,0.0017170868031495,0.0,0.0017135254474777,0.0018608860426763,0.0,0.0,0.0035941713835044,0.0,0.0008457832087796,0.0,0.0013658733032896,0.0,0.0,0.0061098268030272,0.0,0.0,0.0,0.0,0.0,0.0,0.0,0.0,0.0,0.0,0.0,0.0,0.001302003243288,0.0,0.0062819772054129,0.0026876343556785,0.0039035588518219,0.0119287329195796,0.0501983151426123,0.0,0.0010202034162504,0.0351642285880337,0.157034789379504,0.224317691674786,0.181733011854909,0.0031634323815978,0.0210222295183957,0.0,0.0151249818697396,0.013103500571038,0.0,0.0038664564408858
Glut-CACNA1H-1,0.0,0.0,0.0007726891162542,0.0275393451625961,0.204331914328232,0.183903775064161,0.0015196471557312,0.0006582379800384,0.0,0.0,0.0,0.0025019256715553,0.0,0.0,0.0,0.0105340609338864,0.0,0.0,0.0,0.0,0.0037687818297776,0.0038598120623811,0.0,0.0,0.0005219049082961,0.0003370922241147,0.0007149375866332,0.0,0.000379337592044,0.0621126460119552,0.0,0.0,0.0,0.0,0.0,0.0,0.0,0.0,0.0,0.0,0.0,0.0,0.0,0.0,0.0,0.0,0.0,0.0,0.0,0.0
Glut-CACNA1H-2,0.0,0.0,0.0018216385922772,0.0065223435913721,0.402195310032451,0.0379405080966463,0.0224512082591833,0.0358935629065021,0.0,0.0,0.0,0.0003466107841025,0.0,0.0011145971578011,0.0,0.0049213949733759,0.0,0.0004271415658113,0.0,0.0,0.0,0.0042858382973024,0.0,0.0,0.0,0.0045214835814997,0.0,0.0,0.0,0.0075855218246539,0.0,0.0,0.0,0.0,0.0,0.0,0.0003317666954231,0.0,0.0,0.0,0.0,0.0,0.0,0.0,0.0003611261698671,0.0,0.0015176409643194,0.0,0.0,0.0006534645383879
Glut-CACNA1H-3,0.0,0.0,0.0,0.0185330949657459,0.18280562779287,0.130256576072388,0.0116050167741035,0.0018130409024979,0.0,0.0,0.0,0.0014894704047571,0.0,0.0,0.0,0.0082172578393656,0.0,0.0,0.0,0.0015448850013035,0.0,0.0049829190288454,0.0,0.0,0.0,0.0028093956845724,0.0010230328070679,0.0,0.0,0.0830758799567019,0.0,0.0,0.0,0.0005700803259119,0.0,0.0,0.0007252038234399,0.0,0.0,0.0,0.0,0.0,0.0,0.0,0.0,0.0,0.0,0.0,0.0,0.0
Glut-CACNA1H-4,0.0,0.0,0.0012103301422322,0.0,0.237498266061154,0.0864823849260502,0.0173088601475267,0.0026664375719425,0.0,0.0,0.0,0.0,0.0,0.0645981260553397,0.0,0.0011962003769069,0.0,0.0281198993688855,0.0,0.0,0.0,0.0024800457959896,0.0,0.0,0.0,0.0,0.0,0.0,0.0,0.0037321236201857,0.0,0.0,0.0,0.0,0.0,0.0,0.0,0.0,0.0,0.0,0.0,0.0,0.0,0.0,0.0,0.0,0.003738996003137,0.0,0.0,0.0037453183520599
Glut-CACNA1H-RA,0.0,0.0,0.0124873811135209,0.0024623809551006,0.0036519749590521,0.0212853658548091,0.0004441720525956,0.0,0.0003460044242633,0.0,0.0,0.0,0.0,0.0,0.0,0.0,0.0,0.0,0.0,0.0,0.0636728987247605,0.0279981098864288,0.000563503607442,0.0,0.0063539636164321,0.0,0.0,0.0027848517406116,0.212880040918026,0.0136427152745011,0.0,0.0,0.0,0.0057050871401615,0.0,0.0,0.0,0.0,0.0,0.0,0.0,0.0,0.0,0.0,0.0,0.0,0.0,0.0,0.0,0.0
Glut-DACH2-1,0.0,0.0,0.0043159258138104,0.0,0.0,0.0,0.0,0.0,0.0235546774936185,0.0,0.0451709563107741,0.0133038574827969,0.0328418031333037,0.0737341632784205,0.18006355089706,0.114042126609532,0.0011418128468001,0.0126368758947963,0.0,0.0013735953909004,0.0,0.0,0.0,0.0,0.0,0.0033947328176032,0.0,0.0,0.0,0.0,0.0,0.0,0.0,0.0004929794987587,0.0,0.0,0.0,0.0,0.0,0.0,0.0,0.0,0.0,0.0,0.0,0.0,0.0047198205787808,0.0,0.0,0.0016
Glut-DACH2-2,0.0,0.0,0.0,0.0,0.0,0.0,0.0,0.0,0.0042434391363428,0.0,0.0078451296042825,0.0,0.0768993466406332,0.0862567085067213,0.154234011284902,0.0980391364817645,0.0,0.000442270345768,0.0,0.0,0.0,0.0,0.0,0.0,0.0,0.0089689809025238,0.0,0.0,0.0,0.0,0.0,0.0,0.0,0.0003933016312517,0.0,0.0,0.0,0.0,0.0,0.0,0.0,0.0,0.0,0.0,0.0,0.0,0.005976638762033,0.0,0.0,0.0022830282801682
Glut-DACH2-3,0.0,0.0,0.0385327079675222,0.0,0.0,0.0,0.0012054982691805,0.0,0.0,0.0089064532959723,0.0,0.0030909422841585,0.0012207230866415,0.0061539583194332,0.0007793942324195,0.0039117192867507,0.0098716003006672,0.52462163744337,0.0011578015160216,0.022793285113966,0.0,0.0,0.0,0.0,0.0,0.0003716456220012,0.0,0.0,0.0,0.0,0.0,0.0,0.0,0.0011142802168681,0.0,0.0,0.0,0.0,0.0,0.0,0.0,0.0,0.0,0.0,0.0,0.0,0.0044122676308408,0.0,0.0,0.0005946893735616
Glut-DACH2-4,0.0,0.0,0.0017576870493818,0.0,0.0016352124169432,0.0,0.0,0.0,0.0010892539043891,0.001297049445352,0.0016338132854516,0.162240585752433,0.0014469462845721,0.0,0.0046540895609267,0.0187910470302515,0.0027906483482629,0.163115309266558,0.0,0.0068824845792484,0.0295318224432058,0.0095812109606932,0.0,0.0,0.0442790935161073,0.0019909879750677,0.011447391984001,0.0,0.0,0.0,0.0,0.0,0.0,0.0,0.0,0.0,0.0,0.0,0.0,0.0,0.0,0.0,0.0,0.0,0.0,0.0,0.0075702682046705,0.0,0.0,0.0
Glut-DACH2-5,0.0,0.0,0.0,0.0,0.0,0.0,0.0005507849620211,0.0,0.178197581466059,0.0,0.0094146013608048,0.0,0.189442604475403,0.0015632637815378,0.056588943129785,0.0393815072051069,0.0,0.0,0.0,0.0,0.0,0.0,0.0,0.0,0.0,0.0055246353503655,0.0,0.0,0.0,0.0,0.0,0.0,0.0,0.0,0.0,0.0,0.0,0.0,0.0,0.0,0.0,0.0,0.0,0.0,0.0,0.0,0.0016,0.0,0.0,0.0016
Glut-DACH2-6,0.0,0.0,0.0,0.0,0.0,0.0,0.0,0.0,0.0013010984476308,0.551516478310067,0.0,0.0086384916412249,0.0,0.0,0.0,0.002230971263689,0.0,0.0,0.0055904427859978,0.132509015602934,0.0089246391236075,0.0005669325775655,0.0,0.0,0.0054800659807665,0.0,0.0,0.0,0.0,0.0,0.0,0.0,0.0,0.0,0.0,0.0,0.0,0.0,0.0,0.0,0.0,0.0,0.0,0.0,0.0,0.0,0.0023414427298656,0.0,0.0,0.0015762708253713
Glut-DACH2-7,0.0,0.0,0.0003943646189404,0.0,0.0,0.0,0.0,0.0,0.124761231800972,0.0075567154662615,0.0323907067163429,0.0419513749067599,0.0057951289957145,0.0019188301521082,0.119305943760276,0.0454234978876917,0.0,0.0005989898138752,0.0080559795300867,0.0112641904393843,0.0,0.0,0.0,0.0,0.0010721380782748,0.0166683077623991,0.0047632277539965,0.0,0.0,0.0,0.0,0.0,0.0,0.0,0.0,0.0,0.0,0.0,0.0,0.0,0.0,0.0,0.0,0.0,0.0,0.0,0.0029417680990229,0.0,0.0,0.0
Glut-DACH2-8,0.0,0.0,0.0016353774586596,0.0,0.0,0.0,0.0216874950186714,0.0,0.0,0.133679626380524,0.0007806689494651,0.0033503385854497,0.0,0.0,0.0,0.0,0.0031245919721607,0.0,0.0082816792797352,0.434643761158006,0.0009595214851239,0.0,0.0,0.0,0.0,0.0,0.0,0.0,0.0,0.0,0.0,0.0,0.0,0.0,0.0,0.0,0.0,0.0,0.0,0.0,0.0,0.0,0.0,0.0,0.0,0.0,0.0042644040878066,0.0023873172296406,0.0,0.0
Glut-DACH2-HVCra,0.0,0.0,0.0,0.0033160682166771,0.0,0.0003345679155455,0.0,0.0,0.0018563737792294,0.0,0.0017266106655153,0.0,0.0,0.0010867707338134,0.0309436776401892,0.0038225815237623,0.0,0.0,0.169665670687226,0.0023173645194294,0.0007374666337329,0.0004984586949009,0.0003018505642666,0.0,0.0,0.0043119725985519,0.0348406977718906,0.232976065291862,0.0015174438689173,0.0,0.0,0.0,0.0,0.0004539364007119,0.0113194225977465,0.0,0.0,0.0,0.0,0.0,0.0,0.0,0.0,0.0,0.0,0.0,0.0047343968229567,0.0,0.0,0.0016
Glut-DACH2-HVCra-Int,0.0,0.0,0.0004478212453563,0.0,0.0,0.0,0.0,0.0006062113001175,0.0150548047866029,0.0,0.0055806815763961,0.0196880175458332,0.0092869215895465,0.0466819664880849,0.252145745565895,0.0262516272443968,0.0,0.0018989369527923,0.0011928793519993,0.0,0.0004766630878211,0.0008439657783851,0.0,0.0,0.0020173609352981,0.0068639692465784,0.0285539139030591,0.016833948990968,0.0,0.0,0.0,0.0,0.0,0.0008864459213587,0.0106638191816096,0.0,0.0,0.0,0.0,0.0,0.0,0.0,0.0,0.0,0.0,0.0,0.0031903465897785,0.0,0.0,0.0
Glut-DACH2-HVCx,0.0,0.0,0.0,0.0,0.0,0.0,0.0,0.0,0.0,0.0,0.0,0.0018354444986117,0.0,0.0,0.0020955636422717,0.0,0.0,0.0026118786276295,0.0104795749124474,0.0,0.376576632012805,0.140349808299117,0.0,0.0,0.0082110052449602,0.0,0.0279514228632692,0.0009366658610179,0.0,0.0,0.0,0.0,0.0,0.0,0.0,0.0,0.0,0.0,0.0,0.0,0.0,0.0,0.0,0.0,0.0,0.0,0.0,0.0,0.0,0.0
Glut-DACH2-LMANco,0.0,0.0,0.0,0.0,0.0,0.0,0.0,0.0,0.0,0.0689372865488848,0.0,0.0,0.0,0.0017325401165485,0.0,0.0,0.244143398561148,0.0,0.0,0.105995656700371,0.0,0.0,0.0,0.0,0.0,0.0003473167219799,0.0,0.0,0.182801154779703,0.0,0.0,0.0,0.0,0.0,0.0,0.0,0.0,0.0,0.0,0.0,0.0,0.0,0.0,0.0,0.0,0.0,0.0007172301418927,0.0,0.0006089078218044,0.0044829779488054
Glut-DACH2-LMANsh,0.0,0.0,0.0,0.0,0.0,0.0,0.0,0.0,0.340534695792721,0.0011887285302107,0.0048713543976991,0.0007936488479137,0.034592034802734,0.0,0.0004771305633773,0.0238985541462043,0.0219991962685707,0.0,0.0004698996899168,0.017414668392169,0.0,0.0,0.0,0.0,0.0005161590361578,0.053202544835716,0.0017596188987653,0.0003888817936074,0.0,0.0,0.0,0.0,0.0,0.0,0.0,0.0,0.0,0.0,0.0,0.0,0.0,0.0,0.0,0.0,0.0,0.0,0.0031602641592375,0.0,0.0,0.0
Glut-GABA,0.0,0.0,0.0035144564420298,0.0,0.0014751144648841,0.0008853364342129,0.0009865587158937,0.0019912900414883,0.0761273690009397,0.0035602954425084,0.033492046887171,0.0027027768432708,0.0038939886783046,0.0044384894586538,0.0821789476100045,0.0264488153931765,0.0,0.0219693776824791,0.0051945492011081,0.0052121331489551,0.0010954422556782,0.0,0.006788338002112,0.0,0.0014873673151188,0.0058152958509572,0.0038934677554018,0.0165845268854215,0.0,0.0,0.0011694818146902,0.0,0.0,0.029746188056796,0.0460575938838035,0.0733280539270219,0.0017039838019183,0.0,0.0305590683289406,0.0,0.0,0.0041486255791432,0.0,0.0,0.0038415418982247,0.0,0.0064878364640731,0.0,0.0,0.0
Glut-Im,0.0,0.0,0.0008926117624975,0.0,0.0,0.0,0.0,0.0,0.0012603188426254,0.00245813870417,0.70637638568462,0.0,0.0020037793585886,0.0020391588736514,0.0,0.0513664787707183,0.0,0.0003685106714173,0.0,0.0008633011529036,0.0,0.0,0.0211995063708085,0.0006846755263073,0.00165647133515,0.0,0.0,0.0,0.0,0.0,0.0,0.0,0.0,0.0,0.0,0.0,0.0,0.0,0.0,0.0,0.0,0.0,0.0,0.0,0.0,0.0,0.0,0.0,0.0,0.0016
Glut-NB,0.0,0.0,0.0003656980229834,0.0,0.0,0.0008462317844851,0.0,0.0,0.0020043742179748,0.0,0.155422314785999,0.0,0.0,0.0009456343353643,0.0020331105257795,0.0005622004121453,0.0,0.0,0.0,0.0,0.0,0.0,0.60646767884261,0.0063213161980694,0.0005565582094782,0.0,0.0,0.0,0.0,0.0,0.0,0.0,0.0,0.0,0.000580515925692,0.0,0.0,0.0,0.0,0.0,0.0,0.0,0.0,0.0,0.0,0.0,0.0048048036944382,0.0,0.0,0.0018750237143104
Glut-NSC,0.0346456894417895,0.0,0.0,0.0,0.0,0.0,0.0,0.0249347739241739,0.0,0.0,0.0,0.0,0.0010183424426315,0.0206212487747423,0.0,0.0,0.0,0.0,0.0,0.0,0.0,0.0,0.0288735164180703,0.0,0.0,0.0,0.0,0.0,0.0,0.0,0.0,0.0,0.0,0.0,0.0,0.0,0.0117514455489741,0.0,0.0,0.0013451837185309,0.0,0.0,0.0,0.0,0.0136770286109262,0.0,0.0083530141228517,0.0,0.0,0.381185670703703
Glut-SATB2-1,0.0,0.0,0.0,0.0,0.0,0.0,0.0,0.0,0.0,0.0,0.0036354921430669,0.0,0.0,0.0,0.0,0.0,0.0,0.0,0.0,0.0,0.0,0.0,0.0,0.0,0.307708834816193,0.0016440755334667,0.305165387477333,0.123361491577493,0.0,0.0,0.0,0.0,0.0,0.0,0.0,0.0,0.0,0.0,0.0,0.0,0.0,0.0,0.0,0.0,0.0,0.0,0.0025543327943223,0.0,0.0,0.0
Micro,0.0,0.0,0.0,0.0,0.0,0.0,0.0,0.0,0.0,0.0,0.0,0.0,0.0,0.0,0.0,0.0,0.0,0.0,0.0,0.0,0.0,0.0,0.0,0.0,0.0,0.0,0.0,0.0,0.0,0.0,0.0,0.0,0.0,0.0,0.0,0.0,0.0,0.0,0.0,0.0,0.0,0.0,0.0,0.0,0.0,0.0,0.96839152639015,0.0,0.0,0.0121557822345681
OPC,0.0041286180588779,0.0017404164112374,0.0,0.0,0.0,0.0,0.0,0.0,0.0,0.0,0.0,0.0,0.0,0.0,0.0,0.0,0.0,0.0,0.0,0.0,0.0,0.0,0.0,0.0,0.0,0.0,0.0,0.0,0.0,0.0,0.0,0.0,0.0,0.0,0.0,0.0,0.0,0.0,0.0,0.0,0.0,0.0,0.0,0.0,0.0,0.0,0.0100181322018706,0.932847130622332,0.0046944415651137,0.0016
Oligo-1,0.0,0.0,0.0,0.0,0.0,0.0,0.0,0.0,0.0,0.0,0.0,0.0,0.0,0.0,0.0,0.0,0.0,0.0,0.0,0.0,0.0,0.0,0.0,0.0,0.0,0.0,0.0,0.0,0.0,0.0,0.0,0.0,0.0,0.0,0.0,0.0,0.0,0.0,0.0,0.0,0.0,0.0,0.0,0.0,0.0,0.0,0.0,0.0,0.907290668609178,0.0
Oligo-2,0.0,0.0,0.0,0.0,0.0,0.0,0.0,0.0,0.0005678025748377,0.0,0.0,0.0,0.0,0.0012490757893741,0.0,0.0,0.0,0.0,0.0,0.0,0.0,0.0,0.0039445033329111,0.0,0.0,0.0,0.0,0.0,0.0,0.0,0.0,0.0,0.0,0.0025824120024457,0.0,0.0,0.0,0.0,0.0,0.0019554896915594,0.0,0.0,0.0,0.0,0.0,0.0,0.0052219321148825,0.0,0.782466836804286,0.017236743361174
Oligo-3,0.53530094784929,0.0,0.0,0.0,0.0,0.0,0.0,0.0,0.0,0.0,0.0,0.0,0.0,0.0,0.0,0.0,0.0,0.0,0.0,0.0,0.0,0.0,0.0015453959487856,0.0,0.0,0.0,0.0,0.0,0.0,0.0,0.0,0.0,0.0,0.0,0.0,0.0,0.0,0.0,0.0,0.0,0.0,0.0,0.0,0.0,0.0,0.0,0.0309624776529234,0.0,0.236179164861455,0.0104589604934934
