"","Astrocytes","Ex_Pre_KCNH7","Inh_MGE_like_SST_ABI3BP","Vascular","Ex_DACH2_LUZP2","Inh_LGE_like_FOXP1_DGKH","OPCs","Microglia","Oligodendrocytes","Ex_SATB2_OVOA","Ex_DACH2_LHX2","Inh_OB_CPA6","Ex_DACH2_TAC1","Ex_CACNA1H_PROX1","Inh_OB_FGFRL1","Ex_DACH2_NR4A3","Ex_SATB2_SOX6","Inh_LGE_like_FOXP2","Inh_LGE_like_Pre","Inh_LGE_like_FOXP1_SGCG","Ex_DACH2_SLIT2","Ex_DACH2_RORB","Ex_DACH2_ITGA9","Inh_MGE_like_SST_PVALB","Ex_SATB2_FOXP2","Inh_MGE_like_ST18","Ex_BCL6","Inh_MGE_like_SST_SLC24A2","Inh_MGE_like_ANO1","Inh_MGE_like_ST18_PVALB","Inh_CGE_like_CACNA1B","Inh_CGE_like_CACNA2D3","Inh_CGE_like_MAN1A1","Ex_DACH2_GRIK4","Ex_DACH2_CEMIP","Inh_MGE_like_LHX8","Ex_CACNA1H_KIT","Ex_TCF7L2","Ex_CACNA1H_MCTP2","Ex_DACH2_MGAT4C","Ex_CACNA1H_LHX9","Ex_KIAA1217","Ex_CACNA1H_CPA6","Ex_KIAA1217_BCL6","Ex_TSHZ2_NR4A2","Ex_DACH2_ZMAT4","Ex_SATB2_ZNF385B","Ex_DACH2_ADAMTS5","Ex_Pre_SATB2","COPs+NFOLs"
"Astro-1",0.955359324038886,0.00101324948618639,0.000767540875216532,0.00313562046681764,0.00112007508782309,0.00179466737317102,0,0,0,0,0,0,0,0,0,0,0,0,0,0,0,0,0,0,0,0,0,0,0,0,0,0,0,0,0,0,0,0,0,0,0,0,0,0,0,0,0,0,0,0
"Astro-2",0.977347907428822,0,0,0.00124830466125963,0.000261889164034969,0.000290752356226776,0,0,0,0,0,0,0,0,0,0,0,0,0,0,0,0,0,0,0,0,0,0,0,0,0,0,0,0,0,0,0,0,0,0,0,0,0,0,0,0,0,0,0,0
"Astro-3",0.990831898209163,0,0.00028085066883578,0,0.000618276539080585,0,0,0,0,0,0,0,0,0,0,0,0,0,0,0,0,0,0,0,0,0,0,0,0,0,0,0,0,0,0,0,0,0,0,0,0,0,0,0,0,0,0,0,0,0
"Endo",0.0806511952709856,0,0,0.780951990170631,0.00915314821251662,0,0.00536631667110567,0.0135135135135135,0,0,0,0,0,0,0,0,0,0,0,0,0,0,0,0,0,0,0,0,0,0,0,0,0,0,0,0,0,0,0,0,0,0,0,0,0,0,0,0,0,0
"Epen",0.00922299926213031,0,0,0.256438568955728,0.0690679002324467,0,0,0,0.00365671832539569,0.0290187873433549,0.00616692893960273,0.00264055127431982,0.00845653138213248,0.00187094722448165,0.00130697603778409,0,0,0,0,0,0,0,0,0,0,0,0,0,0,0,0,0,0,0,0,0,0,0,0,0,0,0,0,0,0,0,0,0,0,0
"GABA-1-1",0,0.000336954971996319,0,0,0,0.0886490385793286,0,0,0,0,0,0,0,0,0,0.000790749102439144,0.000218841082528179,0.722642698518498,0.000947163198736967,0.0028638415416322,0,0,0,0,0,0,0,0,0,0,0,0,0,0,0,0,0,0,0,0,0,0,0,0,0,0,0,0,0,0
"GABA-1-2",0,0.00185632287949709,0,0.0016,0,0.270319562920654,0,0.015063586742083,0,0,0,0.0211117821058368,0,0,0,0,0,0.351752899972184,0.0255510817466706,0.0052520145875132,0.00150590821064428,0,0,0,0,0,0,0,0,0,0,0,0,0,0,0,0,0,0,0,0,0,0,0,0,0,0,0,0,0
"GABA-2-1",0,0.00109416306722539,0.0553429804981347,0,0.000236414970093788,0,0,0.00294763198772458,0,0.0100738820210816,0.00055936634139016,0,0,0,0,0,0.000653819464514704,0,0.000578775870715968,0,0,0.000461531659059417,0.00241759440671582,0.0177579842588284,0.00034016712885484,0.00321312438922288,0.000460803110332162,0.571885142244906,0,0,0,0,0,0,0,0,0,0,0,0,0,0,0,0,0,0,0,0,0,0
"GABA-2-2",0,0.000491505181346134,0.561785609149218,0.00198019801980198,0,0,0.00111606026551938,0,0,0,0,0,0,0,0,0,0,0,0.00362266220823828,0,0,0,0,0,0,0,0,0.178178695594279,0,0,0,0,0,0,0,0,0,0,0,0,0,0,0,0,0,0,0,0,0,0
"GABA-2-3",0,0,0.00174114228019891,0,0,0,0.00229353415157209,0.00459394641384451,0,0,0,0,0,0,0,0,0,0,0,0,0,0,0,0.00460249314298891,0,0,0,0.932768887125183,0,0,0,0,0,0,0,0,0,0,0,0,0,0,0,0,0,0,0,0,0,0
"GABA-3",0,0,0.0431286152183797,0,0,0,0,0.000917893642313742,0,0,0,0,0,0,0,0,0,0,0,0,0,0,0,0.801411954347933,0,0.00468304910970989,0,0,0.000655147072885928,0.00156327876713744,0,0,0,0,0,0,0,0,0,0,0,0,0,0,0,0,0,0,0,0
"GABA-4-1",0,0.000377760591002195,0.000878660348220009,0,0,0,0,0.00158096151308489,0,0.00108397069413903,0.000678928757878023,0,0,0,0,0,0,0,0,0,0,0,0.000273698549661096,0.809848519358389,0,0.00124594435523381,0,0.00989769434814623,0.00124738974502408,0.00728116131624157,0,0,0,0,0,0,0,0,0,0,0,0,0,0,0,0,0,0,0,0
"GABA-4-2",0,0,0,0,0,0,0,0.00150126692958017,0,0,0,0,0,0,0,0,0,0,0,0,0,0,0,0.343800449487232,0,0,0,0,0,0.407253000098302,0,0,0,0,0,0,0,0,0,0,0,0,0,0,0,0,0,0,0,0
"GABA-5-1",0,0,0,0.00544778275450312,0,0,0.0028217603365364,0.00281408319649436,0,0,0,0,0,0,0,0,0.0010453608869572,0,0,0,0,0,0,0,0,0,0,0,0,0,0.00727739290761808,0.00152710164543518,0.811192145017519,0,0,0,0,0,0,0,0,0,0,0,0,0,0,0,0,0
"GABA-5-2",0,0,0,0.00228961316759779,0,0,0.00289834990314312,0.00234192037470726,0,0,0,0,0,0,0,0,0,0,0,0,0,0,0,0,0,0,0,0,0,0,0.526158625152623,0,0.259068095753504,0,0,0,0,0,0,0,0,0,0,0,0,0,0,0,0,0
"GABA-6",0.00105047135409111,0.000395327310353899,0,0,0,0,0,0.00247972862227743,0,0,0,0,0,0,0,0,0,0,0,0,0,0,0,0,0,0,0,0,0.985203213149334,0,0,0,0,0.00176093521315985,0,0,0,0,0,0,0,0,0,0,0,0,0,0,0,0
"GABA-7",0,0,0.00263709495845569,0,0,0,0,0,0,0,0,0,0,0,0,0,0,0,0,0,0,0,0,0,0,0.970507616572342,0,0,0,0,0,0,0,0,0,0,0,0,0,0,0,0,0,0,0,0,0,0,0,0
"GABA-8",0,0,0.000692599928869592,0,0,0,0,0,0,0,0,0.00134205255504093,0,0,0,0,0,0,0,0,0,0,0,0,0,0.0011838828334995,0,0.00237982426144027,0,0,0,0,0,0,0.00248563154671402,0.872254160676513,0.00192578677898466,0.00166563707645332,0,0,0,0,0,0,0,0,0,0,0,0
"GABA-Im",0,0,0.0351642285880337,0.0038664564408858,0,0.00268763435567858,0.013103500571038,0.0151249818697396,0,0,0.000845783208779641,0.0210222295183957,0,0.00186088604267635,0,0,0,0.0119287329195796,0.0501983151426123,0.00390355885182197,0.00610982680302728,0,0,0.157034789379504,0,0.181733011854909,0,0.224317691674786,0,0.00316343238159788,0.00130200324328803,0,0.00628197720541291,0.00359417138350441,0,0.00102020341625041,0.00171708680314956,0,0.00171352544747773,0.00136587330328965,0,0,0,0,0,0,0,0,0,0
"Glut-CACNA1H-1",0,0,0,0,0,0,0,0,0,0.000337092224114797,0,0,0,0.000658237980038439,0,0.0105340609338864,0.000714937586633212,0,0,0,0,0,0.00250192567155536,0,0.000521904908296122,0,0.000772689116254218,0,0,0,0,0,0,0,0,0,0.204331914328232,0.000379337592044075,0.0015196471557312,0,0.183903775064161,0.00376878182977761,0.0275393451625961,0.00385981206238118,0.0621126460119552,0,0,0,0,0
"Glut-CACNA1H-2",0,0,0,0.000653464538387938,0.00111459715780112,0,0,0.00151764096431946,0,0.00452148358149977,0,0.000361126169867148,0,0.0358935629065021,0,0.00492139497337598,0,0,0.000331766695423136,0,0.000427141565811333,0,0.000346610784102541,0,0,0,0.00182163859227726,0,0,0,0,0,0,0,0,0,0.402195310032451,0,0.0224512082591833,0,0.0379405080966463,0,0.00652234359137218,0.00428583829730249,0.00758552182465395,0,0,0,0,0
"Glut-CACNA1H-3",0,0,0,0,0,0.000570080325911919,0,0,0,0.00280939568457241,0,0,0,0.00181304090249796,0,0.00821725783936561,0.00102303280706797,0,0.000725203823439943,0,0,0,0.00148947040475715,0,0,0,0,0,0,0,0,0,0,0,0,0,0.18280562779287,0,0.0116050167741035,0,0.130256576072388,0,0.0185330949657459,0.00498291902884541,0.0830758799567019,0.00154488500130357,0,0,0,0
"Glut-CACNA1H-4",0,0,0,0.00374531835205993,0.0645981260553397,0,0,0.00373899600313708,0,0,0,0,0,0.00266643757194255,0,0.00119620037690698,0,0,0,0,0.0281198993688855,0,0,0,0,0,0.00121033014223223,0,0,0,0,0,0,0,0,0,0.237498266061154,0,0.0173088601475267,0,0.0864823849260502,0,0,0.00248004579598967,0.00373212362018571,0,0,0,0,0
"Glut-CACNA1H-RA",0,0.000563503607442009,0,0,0,0.00570508714016158,0,0,0,0,0,0,0,0,0,0,0,0,0,0,0,0,0,0,0.00635396361643215,0,0.0124873811135209,0,0,0,0,0,0,0,0,0,0.00365197495905219,0.212880040918026,0.000444172052595698,0,0.0212853658548091,0.0636728987247605,0.00246238095510063,0.0279981098864288,0.0136427152745011,0,0.00278485174061168,0.000346004424263399,0,0
"Glut-DACH2-1",0,0,0,0.0016,0.0737341632784205,0.000492979498758751,0,0.00471982057878081,0,0.00339473281760322,0.0328418031333037,0,0,0,0,0.114042126609532,0,0,0,0,0.0126368758947963,0.00114181284680015,0.0133038574827969,0,0,0,0.00431592581381042,0,0,0,0,0,0,0.0451709563107741,0,0,0,0,0,0.18006355089706,0,0,0,0,0,0.00137359539090046,0,0.0235546774936185,0,0
"Glut-DACH2-2",0,0,0,0.00228302828016828,0.0862567085067213,0.000393301631251723,0,0.005976638762033,0,0.00896898090252386,0.0768993466406332,0,0,0,0,0.0980391364817645,0,0,0,0,0.000442270345768001,0,0,0,0,0,0,0,0,0,0,0,0,0.00784512960428259,0,0,0,0,0,0.154234011284902,0,0,0,0,0,0,0,0.00424343913634287,0,0
"Glut-DACH2-3",0,0,0,0.000594689373561625,0.00615395831943328,0.00111428021686815,0,0.00441226763084088,0,0.000371645622001211,0.00122072308664151,0,0.00115780151602169,0,0,0.00391171928675071,0,0,0,0,0.52462163744337,0.00987160030066725,0.00309094228415858,0,0,0,0.0385327079675222,0,0,0,0,0,0,0,0.00890645329597236,0,0,0,0.00120549826918056,0.000779394232419582,0,0,0,0,0,0.022793285113966,0,0,0,0
"Glut-DACH2-4",0,0,0,0,0,0,0,0.00757026820467058,0,0.00199098797506773,0.00144694628457215,0,0,0,0,0.0187910470302515,0.011447391984001,0,0,0,0.163115309266558,0.0027906483482629,0.162240585752433,0,0.0442790935161073,0,0.00175768704938185,0,0,0,0,0,0,0.00163381328545168,0.00129704944535208,0,0.00163521241694326,0,0,0.0046540895609267,0,0.0295318224432058,0,0.00958121096069322,0,0.00688248457924841,0,0.00108925390438918,0,0
"Glut-DACH2-5",0,0,0,0.0016,0.0015632637815378,0,0,0.0016,0,0.00552463535036554,0.189442604475403,0,0,0,0,0.0393815072051069,0,0,0,0,0,0,0,0,0,0,0,0,0,0,0,0,0,0.00941460136080489,0,0,0,0,0.00055078496202119,0.056588943129785,0,0,0,0,0,0,0,0.178197581466059,0,0
"Glut-DACH2-6",0,0,0,0.00157627082537133,0,0,0,0.00234144272986564,0,0,0,0,0.00559044278599786,0,0,0.00223097126368907,0,0,0,0,0,0,0.00863849164122496,0,0.00548006598076651,0,0,0,0,0,0,0,0,0,0.551516478310067,0,0,0,0,0,0,0.00892463912360757,0,0.000566932577565568,0,0.132509015602934,0,0.00130109844763085,0,0
"Glut-DACH2-7",0,0,0,0,0.00191883015210829,0,0,0.00294176809902292,0,0.0166683077623991,0.00579512899571452,0,0.00805597953008676,0,0,0.0454234978876917,0.00476322775399659,0,0,0,0.000598989813875298,0,0.0419513749067599,0,0.00107213807827486,0,0.000394364618940488,0,0,0,0,0,0,0.0323907067163429,0.00755671546626152,0,0,0,0,0.119305943760276,0,0,0,0,0,0.0112641904393843,0,0.124761231800972,0,0
"Glut-DACH2-8",0,0,0,0,0,0,0.0023873172296406,0.00426440408780664,0,0,0,0,0.00828167927973527,0,0,0,0,0,0,0,0,0.00312459197216079,0.00335033858544977,0,0,0,0.00163537745865969,0,0,0,0,0,0,0.000780668949465185,0.133679626380524,0,0,0,0.0216874950186714,0,0,0.000959521485123919,0,0,0,0.434643761158006,0,0,0,0
"Glut-DACH2-HVCra",0,0.000301850564266604,0,0.0016,0.00108677073381348,0.000453936400711916,0,0.00473439682295674,0,0.00431197259855193,0,0,0.169665670687226,0,0,0.00382258152376237,0.0348406977718906,0,0,0.0113194225977465,0,0,0,0,0,0,0,0,0,0,0,0,0,0.00172661066551532,0,0,0,0.00151744386891739,0,0.0309436776401892,0.0003345679155455,0.000737466633732933,0.00331606821667713,0.000498458694900954,0,0.00231736451942942,0.232976065291862,0.0018563737792294,0,0
"Glut-DACH2-HVCra-Pre",0,0,0,0,0.0466819664880849,0.000886445921358754,0,0.0031903465897785,0,0.00686396924657847,0.00928692158954657,0,0.00119287935199932,0.000606211300117516,0,0.0262516272443968,0.0285539139030591,0,0,0.0106638191816096,0.00189893695279238,0,0.0196880175458332,0,0.00201736093529816,0,0.000447821245356363,0,0,0,0,0,0,0.00558068157639611,0,0,0,0,0,0.252145745565895,0,0.00047666308782112,0,0.000843965778385127,0,0,0.016833948990968,0.0150548047866029,0,0
"Glut-DACH2-HVCx",0,0,0,0,0,0,0,0,0,0,0,0,0.0104795749124474,0,0,0,0.0279514228632692,0,0,0,0.00261187862762958,0,0.00183544449861171,0,0.00821100524496022,0,0,0,0,0,0,0,0,0,0,0,0,0,0,0.00209556364227175,0,0.376576632012805,0,0.140349808299117,0,0,0.000936665861017948,0,0,0
"Glut-DACH2-LMANco",0,0,0,0.0044829779488054,0.00173254011654852,0,0,0.000717230141892791,0.000608907821804427,0.000347316721979933,0,0,0,0,0,0,0,0,0,0,0,0.244143398561148,0,0,0,0,0,0,0,0,0,0,0,0,0.0689372865488848,0,0,0.182801154779703,0,0,0,0,0,0,0,0.105995656700371,0,0,0,0
"Glut-DACH2-LMANsh",0,0,0,0,0,0,0,0.00316026415923756,0,0.053202544835716,0.034592034802734,0,0.000469899689916869,0,0,0.0238985541462043,0.00175961889876535,0,0,0,0,0.0219991962685707,0.000793648847913702,0,0.000516159036157814,0,0,0,0,0,0,0,0,0.0048713543976991,0.00118872853021078,0,0,0,0,0.00047713056337736,0,0,0,0,0,0.017414668392169,0.000388881793607473,0.340534695792721,0,0
"Glut-GABA",0,0.00678833800211209,0,0,0.00443848945865385,0.029746188056796,0,0.00648783646407315,0,0.00581529585095723,0.00389398867830467,0.00384154189822474,0.00519454920110813,0.00199129004148831,0,0.0264488153931765,0.00389346775540188,0.0733280539270219,0.00170398380191838,0.0460575938838035,0.0219693776824791,0,0.00270277684327081,0,0.00148736731511881,0,0.00351445644202988,0.0041486255791432,0,0,0.00116948181469027,0,0,0.033492046887171,0.0035602954425084,0.0305590683289406,0.00147511446488413,0,0.000986558715893712,0.0821789476100045,0.000885336434212947,0.00109544225567822,0,0,0,0.00521213314895517,0.0165845268854215,0.0761273690009397,0,0
"Glut-Im",0,0.0211995063708085,0,0.0016,0.00203915887365149,0,0,0,0,0,0.00200377935858865,0,0,0,0,0.0513664787707183,0,0,0,0,0.00036851067141739,0,0,0,0.00165647133515008,0,0.000892611762497567,0,0,0,0,0,0,0.70637638568462,0.00245813870417005,0,0,0,0,0,0,0,0,0,0,0.000863301152903696,0,0.00126031884262542,0.000684675526307388,0
"Glut-NB",0,0.60646767884261,0,0.0018750237143104,0.000945634335364323,0,0,0.00480480369443826,0,0,0,0,0,0,0,0.000562200412145341,0,0,0,0.000580515925692094,0,0,0,0,0.000556558209478257,0,0.000365698022983423,0,0,0,0,0,0,0.155422314785999,0,0,0,0,0,0.00203311052577952,0.000846231784485147,0,0,0,0,0,0,0.0020043742179748,0.00632131619806941,0
"Glut-NSC",0.0346456894417895,0.0288735164180703,0.00134518371853091,0.381185670703703,0.0206212487747423,0,0,0.00835301412285171,0,0,0.00101834244263159,0.0136770286109262,0,0.0249347739241739,0,0,0,0,0.0117514455489741,0,0,0,0,0,0,0,0,0,0,0,0,0,0,0,0,0,0,0,0,0,0,0,0,0,0,0,0,0,0,0
"Glut-SATB2-1",0,0,0,0,0,0,0,0.00255433279432239,0,0.0016440755334667,0,0,0,0,0,0,0.305165387477333,0,0,0,0,0,0,0,0.307708834816193,0,0,0,0,0,0,0,0,0.00363549214306699,0,0,0,0,0,0,0,0,0,0,0,0,0.123361491577493,0,0,0
"Micro",0,0,0,0.0121557822345681,0,0,0,0.96839152639015,0,0,0,0,0,0,0,0,0,0,0,0,0,0,0,0,0,0,0,0,0,0,0,0,0,0,0,0,0,0,0,0,0,0,0,0,0,0,0,0,0,0
"Oligo-1",0,0,0,0,0,0,0,0,0.907290668609178,0,0,0,0,0,0,0,0,0,0,0,0,0,0,0,0,0,0,0,0,0,0,0,0,0,0,0,0,0,0,0,0,0,0,0,0,0,0,0,0,0
"Oligo-2",0,0.00394450333291117,0.00195548969155948,0.017236743361174,0.00124907578937416,0.00258241200244579,0,0.00522193211488251,0.782466836804286,0,0,0,0,0,0,0,0,0,0,0,0,0,0,0,0,0,0,0,0,0,0,0,0,0,0,0,0,0,0,0,0,0,0,0,0,0,0,0.000567802574837762,0,0
"Oligo-3",0.53530094784929,0.00154539594878563,0,0.0104589604934934,0,0,0,0.0309624776529234,0.236179164861455,0,0,0,0,0,0,0,0,0,0,0,0,0,0,0,0,0,0,0,0,0,0,0,0,0,0,0,0,0,0,0,0,0,0,0,0,0,0,0,0,0
"OPC",0.00412861805887792,0,0,0.0016,0,0,0.932847130622332,0.0100181322018706,0.00469444156511375,0,0,0,0,0,0,0,0,0,0,0,0,0,0,0,0,0,0,0,0,0,0,0,0,0,0,0,0,0,0,0,0,0,0,0,0,0,0,0,0,0.00174041641123741
