"","Astrocytes","Ex_CACNA1H_PROX1","Ex_DACH2_ADAMTS5","Vascular","Ex_DACH2_LUZP2","Microglia","Oligodendrocytes","Ex_BCL6","Ex_SATB2_OVOA","Inh_LGE_like_FOXP1_DGKH","Inh_LGE_like_FOXP2","Ex_DACH2_NR4A3","Inh_LGE_like_FOXP1_SGCG","Ex_DACH2_SLIT2","Inh_OB_CPA6","Inh_LGE_like_Pre","Ex_Pre_KCNH7","Ex_SATB2_SOX6","OPCs","Inh_MGE_like_SST_SLC24A2","Inh_MGE_like_ST18","Inh_MGE_like_SST_PVALB","Inh_MGE_like_SST_ABI3BP","Ex_DACH2_LHX2","Inh_MGE_like_ST18_PVALB","Inh_MGE_like_ANO1","Inh_CGE_like_MAN1A1","Inh_CGE_like_CACNA1B","Inh_CGE_like_CACNA2D3","Ex_DACH2_MGAT4C","Ex_DACH2_GRIK4","Inh_MGE_like_LHX8","Ex_CACNA1H_KIT","Ex_DACH2_CEMIP","Ex_SATB2_ZNF385B","Ex_CACNA1H_LHX9","Ex_CACNA1H_MCTP2","Ex_TSHZ2_NR4A2","Ex_CACNA1H_CPA6","Ex_KIAA1217_BCL6","Ex_DACH2_ITGA9","Ex_KIAA1217","Ex_SATB2_FOXP2","Ex_Pre_SATB2","Ex_DACH2_TAC1","Ex_DACH2_ZMAT4","Ex_TCF7L2","Ex_DACH2_RORB","Inh_OB_FGFRL1","COPs+NFOLs"
"Astro-1",0.963870340478791,0.000402270356760981,0.00669460079973568,0.00315427428498901,0.000672381265269905,0,0,0,0,0,0,0,0,0,0,0,0,0,0,0,0,0,0,0,0,0,0,0,0,0,0,0,0,0,0,0,0,0,0,0,0,0,0,0,0,0,0,0,0,0
"Astro-2",0.980992224341655,0,0.000516605024166649,0.00126320287608391,0,0,0,0,0,0,0,0,0,0,0,0,0,0,0,0,0,0,0,0,0,0,0,0,0,0,0,0,0,0,0,0,0,0,0,0,0,0,0,0,0,0,0,0,0,0
"Astro-3",0.988388857296927,0,0.00120207296599672,0.00145989517313441,0,0.000860710616011151,0,0,0,0,0,0,0,0,0,0,0,0,0,0,0,0,0,0,0,0,0,0,0,0,0,0,0,0,0,0,0,0,0,0,0,0,0,0,0,0,0,0,0,0
"Endo",0.0801514763672873,0,0.00400251147153386,0.807347876752543,0.00430927113801653,0.0135135135135135,0,0,0,0,0,0,0,0,0,0,0,0,0,0,0,0,0,0,0,0,0,0,0,0,0,0,0,0,0,0,0,0,0,0,0,0,0,0,0,0,0,0,0,0
"Epen",0.0126961829465693,0.0141917746475289,0,0.305236573227388,0.0190312909151086,0,0.00424396647858337,0.00595134727125639,0.0555731413602544,0,0,0,0,0,0,0,0,0,0,0,0,0,0,0,0,0,0,0,0,0,0,0,0,0,0,0,0,0,0,0,0,0,0,0,0,0,0,0,0,0
"GABA-1-1",0,0,0.000450637090922256,0,0,0.00419274389586347,0,0,0,0.0858113314746709,0.747726047598891,0.000498353613102072,0.00225485444128573,0,0,0,0,0,0,0,0,0,0,0,0,0,0,0,0,0,0,0,0,0,0,0,0,0,0,0,0,0,0,0,0,0,0,0,0,0
"GABA-1-2",0,0,0,0.0016025641025641,0,0.0146868795429557,0,0,0,0.283884716052342,0.362429866310586,0,0.00515869080850189,0.0010199998156958,0.0226142248245217,0.0243437913057925,0.00182022881717468,0,0,0,0,0,0,0,0,0,0,0,0,0,0,0,0,0,0,0,0,0,0,0,0,0,0,0,0,0,0,0,0,0
"GABA-2-1",0,0,0,0,0,0.00394834670382836,0,0,0,0,0,0,0,0,0,0,0,0.000809027349893269,0.00127762905914846,0.667345418725574,0.00273311662563335,0.0212760320601022,0.0473740602732303,0.000317017455541389,0,0,0,0,0,0,0,0,0,0,0,0,0,0,0,0,0,0,0,0,0,0,0,0,0,0
"GABA-2-2",0,0,0,0.00198019801980198,0,0,0,0,0,0,0,0,0,0,0,0.00332726376769136,0,0,0.00207239883105432,0.193177671189616,0,0,0.541363245692114,0,0,0,0,0,0,0,0,0,0,0,0,0,0,0,0,0,0,0,0,0,0,0,0,0,0,0
"GABA-2-3",0,0,0,0,0,0.00440787797153196,0,0,0,0,0,0,0,0,0,0,0,0,0.00237781622507651,0.926255437504397,0,0.0045095252691885,0,0,0.00133651422252946,0,0,0,0,0,0,0,0,0,0,0,0,0,0,0,0,0,0,0,0,0,0,0,0,0
"GABA-3",0,0,0,0,0,0,0,0,0,0,0,0,0,0,0,0,0,0,0,0,0.00392238017400779,0.811147106055399,0.0445243897568605,0,0.000640077614186427,0,0,0,0,0,0,0,0,0,0,0,0,0,0,0,0,0,0,0,0,0,0,0,0,0
"GABA-4-1",0,0,0,0,0,0.00150893503431081,0.00067879493406871,0,0,0,0,0.000430826276801409,0,0,0,0,0,0,0,0.0119675216792787,0.00133006134657067,0.815597179702551,0.0022313677916749,0,0.00726337964320669,0.00152976359424838,0,0,0,0,0,0,0,0,0,0,0,0,0,0,0,0,0,0,0,0,0,0,0,0
"GABA-4-2",0,0,0,0,0,0.00133307149141682,0,0,0,0,0,0,0,0,0,0,0,0,0,0,0.000892662804946395,0.331611550217073,0,0,0.412828066694738,0,0,0,0,0,0,0,0,0,0,0,0,0,0,0,0,0,0,0,0,0,0,0,0,0
"GABA-5-1",0,0,0,0.00557820723697567,0,0.00267504503988093,0,0,0,0,0,0,0,0,0,0,0,0.00119906716088209,0.00273654804161881,0,0,0,0,0,0,0,0.811786696943744,0.0072034875722504,0,0,0,0,0,0,0,0,0,0,0,0,0,0,0,0,0,0,0,0,0,0
"GABA-5-2",0,0,0,0.00229823993011544,0,0.00372597509982863,0,0,0,0,0,0,0,0,0.000959697941758375,0,0,0,0.00309903348924639,0,0,0,0,0,0,0,0.290364650104337,0.504431352986471,0.000736477672876191,0.000907129278026051,0,0,0,0,0,0,0,0,0,0,0,0,0,0,0,0,0,0,0,0
"GABA-6",0,0,0,0,0,0.00234004911903056,0.00104024037599497,0,0,0,0,0,0,0,0,0,0,0,0,0,0,0,0,0,0,0.98771487241666,0,0,0,0,0.00154562384779937,0,0,0,0,0,0,0,0,0,0,0,0,0,0,0,0,0,0,0
"GABA-7",0,0,0,0,0,0,0,0,0,0,0,0,0,0,0,0,0,0,0,0,0.972906773965972,0,0.0053804792209452,0,0,0,0,0,0,0,0,0,0,0,0,0,0,0,0,0,0,0,0,0,0,0,0,0,0,0
"GABA-8",0,0,0,0,0,0,0,0,0,0,0,0,0,0,0.0167829747042025,0,0,0,0,0.00272667725404992,0.0020839353980858,0,0,0,0,0,0.00185440551836858,0,0,0,0,0.818883201736958,0.00209533262728174,0.00168521007710688,0.000628610225581203,0,0,0,0,0,0,0,0,0,0,0,0,0,0,0
"GABA-Pre",0,0.00178912488221668,0,0.00396181466345618,0,0.0141122273992414,0,0,0,0.00186300001618704,0.0172170373145359,0,0.00360886192975685,0.00648896879976806,0.0116552437730308,0.0643214482133319,0,0,0.0112963958362038,0.236628092480455,0.18073946902205,0.158289226054273,0.0379553565715736,0,0.00283669663585524,0,0.00867809874754918,0,0,0.00191050294013202,0.00295230256662991,0.00135882386971204,0,0,0,0.0015367399118449,0.00103049464726752,0,0,0,0,0,0,0,0,0,0,0,0,0
"Glut-Arco-1",0,0.000500360249536191,0,0,0,0,0,0.000431182743905268,0.000893921990014739,0,0,0.00447278095236843,0,0,0,0,0,0,0,0,0,0,0,0,0,0,0,0,0,0,0,0,0.181219277092461,0,0,0.194723632454108,0.00322352659630007,0.0495529208329851,0.0381917890254099,0.00845777318388688,0.00404490253196152,0.000742716581715949,0,0,0,0,0,0,0,0
"Glut-Arco-2",0,0.0354762668974701,0,0.000985830734045268,0.000995011625350931,0,0,0.00316698052905339,0,0,0,0.00535228794160453,0,0,0.000459726691022298,0,0,0,0,0,0,0,0,0,0,0,0,0,0,0,0,0,0.39634161219959,0,0,0.0249930016443049,0.031181033018751,0.00502743770015062,0.00937217089981842,0.0106887823419465,0,0,0,0,0,0,0,0,0,0
"Glut-Arco-3",0,0.00362442096522913,0.000842130340389565,0.0016252468619426,0,0,0,0.000990925652134847,0.00100075652059811,0,0,0.0049136567743131,0,0,0,0,0,0,0,0,0,0,0,0,0,0,0,0,0,0,0,0,0.209369021686983,0,0,0.134926860385004,0.0103329750118852,0.03964884995803,0.0373526440593642,0.00504256302159393,0.00398404713188455,0.000414531828182211,0.000737375850372486,0,0,0,0,0,0,0
"Glut-Arco-4",0,0,0.026457757467128,0.00498661894800973,0,0,0,0.00969263901003222,0.0340812659331486,0.00481236381002311,0,0.00253131918114707,0.00183359447840973,0.000745345541759062,0,0,0,0.0114288954145259,0,0,0,0,0,0,0,0,0,0,0,0,0,0,0.103899062873503,0,0,0.00928822364193836,0.00340254862519964,0.0329800963543823,0.00213110005373491,0.0187756380011917,0.00407229733656229,0.00407453872307803,0.0422062666680469,0.00280589129098136,0,0,0,0,0,0
"Glut-Arco-5",0,0.0100635565009802,0,0.00372614855915398,0.0390879791432851,0.00366488994965313,0,0.00107372228885664,0,0,0,0.00334630347021314,0,0.019222838148977,0,0,0,0,0,0,0,0,0,0,0,0,0,0,0,0,0,0,0.246063684037453,0,0,0.0852975449664361,0.0226202442330443,0,0,0.00259019142017621,0,0,0.00128582274549528,0,0,0,0,0,0,0
"Glut-HVC-1",0,0,0.00254474741979273,0,0.000789639720842405,0.00454574169867554,0,0,0.0142856086814692,0.000304788548640617,0,0.00101963985062104,0.0193724709842323,0,0,0,0,0.0256208226387925,0,0,0,0,0,0,0,0,0,0,0,0.0206884408123776,0.000853763254060936,0,0.00045373944520703,0,0.200712276735688,0,0,0,0.00266473470456598,0.00176511665007204,0.000314250255165613,0,0,0,0.194473115332674,0.00108847147117281,0.000979257938121781,0,0,0
"Glut-HVC-1a",0,0.000973558923577423,0.00999996261755421,0,0.0393346494797821,0.00478086773494355,0,0.00044062653776949,0.00585212445809906,0.00061014164669023,0,0.0198775878344968,0.0123963876035362,0.00308362465277214,0,0,0,0.0307514099860401,0,0,0,0,0,0.0046832064731382,0,0,0,0,0,0.291466946086912,0.00461087603589204,0,0,0.000639654876202307,0.0217235136058193,0,0,0,0,0.000515443405853422,0.0195595198916462,0,0.00134048503067399,0,0.000646336693588702,0.00113163502328149,0,0,0,0
"Glut-HVC-2",0,0,0,0,0,0,0,0,0,0,0,0,0,0.00199924621303488,0,0,0,0.0265208561005599,0,0,0,0,0,0,0,0,0,0,0,0.000723583426846271,0,0,0.000868839816578505,0,0,0,0,0,0.000846896799725675,0.130131918675998,0.00222649766698573,0.361011658138351,0.0138325868882923,0,0.0117297706089388,0,0,0,0,0
"Glut-LMAN-1",0,0,0.324578029446832,0,0,0.00310125932072224,0,0,0.0429409658258375,0,0,0.0175419873267316,0,0,0,0,0,0.000808850674207907,0,0,0,0,0,0.0449701075621081,0,0,0,0,0,0.000333354406621707,0.00228317133786915,0,0,0.00206132048903455,0,0,0.00110170396529394,0,0,0,0.000716728026365045,0,0.000433733120365921,0,0.00103925036857629,0.0116248039856031,0,0.0291990101244268,0,0
"Glut-LMAN-2",0,0,0,0.00455068243970335,0.000463893651109204,0.000728584916186273,0,0,0,0,0,0,0,0,0,0,0,0,0,0,0,0,0,0,0,0,0,0,0,0,0,0,0,0.118820180041904,0,0,0,0,0,0,0,0,0,0,0,0.0692144187320532,0.218338894864126,0.18896527148289,0,0
"Glut-NC-1",0,0,0.000516151661057138,0,0.0758658646399059,0.00476744552027913,0,0.00214550268242835,0.00340751234443661,0,0,0.119479539182102,0,0.0142630368281146,0,0,0,0,0,0,0,0,0,0.0272824830498722,0,0,0,0,0,0.202129373227287,0.0471263694174449,0,0,0,0,0,0.00134744366059395,0,0,0.000407740626511705,0.00910749354645738,0.000527739615694725,0.000778187541871184,0,0,0.00110911995404957,0,0,0,0
"Glut-NC-2",0,0,0.00570751926324394,0.00252643741486585,0.0774621130379903,0.00425990269808867,0,0,0.00968477935425648,0.000434698865416054,0,0.0710154648183383,0.00132890304317928,0,0,0,0,0.000961635318007934,0,0,0,0,0,0.0915638693184148,0,0,0,0,0,0.173458029287095,0.00353899866416652,0,0,0,0,0,0,0,0,0,0.00176780757013262,0.000518757928618318,0,0,0,0,0,0,0,0
"Glut-NC-3",0,0,0,0,0.00520188136979058,0.0043619656157138,0,0.0321777419680879,0,0.00123331695120231,0,0.00514358861543236,0,0.50490802970266,0,0,0,0,0,0,0,0,0,0.00182331357205246,0,0,0,0,0,0.000541013095947193,0,0,0,0.00484814555701121,0,0,0.00243868705158848,0,0,0,0.00210185777599716,0,0,0,0.00114361071812201,0.0373568069165574,0,0.00853557199314248,0,0
"Glut-NC-4",0,0,0.000937044972454686,0,0.00140333547998923,0.00746732011363806,0,0,0.00204955062094247,0,0,0.00982128648944527,0,0.185254673149035,0,0,0,0.00514049520083084,0,0.000716478047155576,0,0,0,0,0,0,0,0,0,0.0052211744108715,0.00134987500128969,0,0.00246932832266166,0.00396787025465677,0.00105267172925013,0,0,0,0,0.0119572135117214,0.119825665195775,0.0227630974620469,0.0626971469010033,0,0.000871618365832892,0.0133829311920918,0,0.0029581509814646,0,0
"Glut-Nido-1",0,0,0.0550981844704238,0,0.0792565437874695,0.00393186584091721,0,0.00039590873190895,0.00803174085915892,0.000583362426319142,0,0.0598619133809997,0,0.00182880553092605,0.000724120315039089,0,0.00176933526871378,0.000472167199980788,0,0,0,0,0,0.077560737516679,0,0,0,0,0,0.157343122976933,0.0146423675146777,0,0,0,0,0,0,0,0,0,0.00590798307256006,0,0,0,0.00241499046906984,0.00180001514520686,0,0.00278562281756083,0,0
"Glut-Nido-2",0,0.00130041859209037,0.060808731021803,0,0.00710801123016551,0.00621292035417609,0,0.00500036124520689,0.00544225271429466,0.0369030270556604,0.0894771989946375,0.0158359382241343,0.0494119633919285,0.0211352443072176,0.00622509892298147,0.00194885082904061,0.00586201593348128,0.00082020355368608,0,0.00492449474285485,0,0,0,0.00967245957707847,0,0,0,0.00137111120542795,0,0.0677994318521477,0.0296428865364356,0.0309715879247832,0.00155747466761846,0.0033406252899832,0.0219796469291243,0.000921336025294494,0.00172136110870596,0,0,0,0.00294401187433949,0,0.00421815787842625,0,0.0143148671847192,0.00403198047593193,0,0,0,0
"Glut-Nido-3",0.00207299828017575,0,0.00155544482510185,0.0344103853274387,0,0.00198947011245357,0.00182839610102943,0,0.0934178009279887,0.00355684425200781,0,0.00451006283340978,0,0,0,0.0144336253350674,0.00428684725054275,0.0263106529673616,0,0.00571818483058386,0.00788687542025395,0.000984543234910919,0.00283328497253683,0.00321914823616396,0,0.0180814059455424,0,0.00153962838289586,0,0,0,0,0,0,0,0,0,0,0,0,0.00147790870527143,0,0.00415467294151919,0,0,0,0,0.0344185733779396,0,0
"Glut-NR-1",0,0,0.159086465957369,0.0016025641025641,0.00146588761411298,0.00463123690279639,0,0,0.0123425986135717,0,0,0.0405452935306575,0,0,0,0,0,0,0,0,0,0,0,0.191250953072487,0,0,0,0,0,0.0716725019248867,0.0089991007872898,0,0,0,0,0,0.000810914212111773,0,0,0,0.000322232601003322,0,0,0,0,0,0,0,0,0
"Glut-NR-2",0,0,0.00130707994594504,0,0,0.00159886867732409,0,0,0,0,0,0.00124141361896849,0,0,0,0,0,0,0,0,0,0,0,0,0,0,0,0,0,0,0,0,0,0.549707235910792,0,0,0,0,0,0.00102229694935023,0.0052941600035382,0.00897477636747115,0.00563002746623165,0,0.0079037695402603,0.122691452407935,0,0,0,0
"Glut-NR-3",0,0,0.117809317395819,0,0.000410092200278225,0.00425328149731967,0,0.00141716040600912,0.0240182394998823,0,0,0.0447738596959299,0,0.000846289001874544,0,0.000699892794713816,0,0.00447193632052681,0,0,0,0,0,0.00393019203623594,0,0,0,0,0,0.120664015199768,0.0283931267597443,0,0,0.00870896299557651,0,0,0,0,0,0.000334249683222687,0.0364477494266559,0.00212928439578584,0.000685150885423355,0,0.00550279657689199,0.0153812894604603,0,0,0,0
"Glut-NR-4",0,0,0.000607221875477428,0,0,0.00409533091876059,0,0.00111146495577947,0,0,0,0,0,0,0,0,0,0,0.0023265126003792,0,0,0,0,0,0,0,0,0,0,0,0.000582851694785324,0,0,0.136400958883706,0,0,0.0192348960678734,0,0,0,0.00107626410487011,0,0,0,0.00602694310705982,0.447338155727691,0,0.00208350829309848,0,0
"Glut-NR-5",0,0,0,0,0.000972681642429576,0.00248255965004965,0,0,0.000869424714362533,0,0,0,0,0,0,0,0,0.306766067948312,0,0,0,0,0,0,0,0,0,0,0,0,0.00356231511363861,0,0,0,0.124911693783573,0,0,0,0,0,0,0,0.312610482282893,0,0,0,0,0,0,0
"Glut-Pre-1",0.0401196209531487,0.0151282045335509,0.00112639415382327,0.391506876977095,0.0119218144126256,0.00807913932314451,0,0,0,0,0,0,0,0,0.00123731331629807,0.00844623256800527,0.0409347025044132,0,0,0,0,0,0.00143870322819511,0,0,0,0,0,0,0,0,0,0,0,0,0,0,0,0,0,0,0,0,0,0,0,0,0,0.00217243016780529,0
"Glut-Pre-2",0,0,0.00360983353041305,0.00195914372630757,0.00045403914274718,0.00473790054719096,0,0,0,0,0,0.000526932661451871,0.000610768677661614,0,0,0,0.603523752489946,0.000451087816037001,0,0,0,0,0,0,0,0,0,0,0,0.00187623154621924,0.156822152726184,0,0,0,0,0.0006015849314176,0,0,0,0,0,0,0,0.00928543299530948,0,0,0,0,0,0
"Glut-Pre-3",0,0,0.00068519668930876,0.0016025641025641,0.00110213281701652,0.00156338543260858,0,0,0,0,0,0.0652065575552844,0,0.000381054711626133,0,0,0.0174554825453221,0,0,0,0,0,0,0.000523197620656794,0,0,0,0,0,0,0.685670471392764,0,0,0,0.00134346648249537,0.000546512211496845,0.00113670983151789,0,0,0,0,0,0.00209988801825713,0.000729688779125425,0,0.00107166702264415,0,0,0,0
"Glut-RA",0,0,0,0,0.000348401573205224,0,0,0.0414157422400486,0.00181434089670654,0.00303772769805801,0,0,0,0,0,0,0,0.000285582536106901,0,0,0,0,0,0.00102183087403905,0,0,0,0,0,0,0.000316524397128222,0,0.00109287878071099,0,0.0149203421012641,0.0254368513424839,0.00130256117018583,0.0112173040142063,0.000994070457005013,0.0195185247978544,0,0.0615920208401724,0.00525952530448555,0,0.000303331527129489,0,0.148640684735498,0,0,0
"Micro",0,0,0,0.0123456790123457,0,0.960963432034826,0,0,0,0,0,0,0,0,0,0,0,0,0,0,0,0,0,0,0,0,0,0,0,0,0,0,0,0,0,0,0,0,0,0,0,0,0,0,0,0,0,0,0,0
"Oligo-1",0,0,0,0,0,0,0.917806491351964,0,0,0,0,0,0,0,0,0,0,0,0,0,0,0,0,0,0,0,0,0,0,0,0,0,0,0,0,0,0,0,0,0,0,0,0,0,0,0,0,0,0,0
"Oligo-2",0,0,0.00557881248645265,0.0156558441350447,0,0.00513202353313873,0.820376044782547,0,0,0,0,0,0,0,0,0,0,0.000448888445710727,0,0,0,0,0,0,0,0,0,0,0,0,0,0,0,0,0,0,0,0,0,0,0,0,0,0,0,0,0,0,0,0
"Oligo-3",0.471826761550463,0,0,0.010752688172043,0,0.0300008583019909,0.230050116977369,0,0,0,0,0,0,0,0,0,0,0,0,0,0,0,0,0,0,0,0,0,0,0,0,0,0,0,0,0,0,0,0,0,0,0,0,0,0,0,0,0,0,0
"OPC",0.0016025641025641,0,0,0.0016025641025641,0,0.0108413897669005,0.00608377805337848,0,0,0,0,0,0,0,0,0,0,0,0.920031859742037,0,0,0,0,0,0,0,0,0,0,0,0,0,0,0,0,0,0,0,0,0,0,0,0,0,0,0,0,0,0,0.00650425655155471
