"","Glut-Arco-1","Glut-NR-5","Glut-NC-2","Glut-NC-4","Glut-Arco-5","Glut-NR-2","Glut-Arco-3","Glut-HVC-2","Glut-LMAN-2","Glut-Arco-2","Glut-HVC-1a","Glut-NR-3","Glut-NC-1","Glut-RA","Glut-NC-3","Glut-Arco-4","Glut-LMAN-1","Glut-HVC-1","Glut-NR-1","Glut-NR-4"
"Ex_BCL6",0.00976059815241535,0.00103225255011567,0.00258995141347703,0.00242468833282134,0.00934502007817389,0.157015440658049,0.0165912982282857,0.010717287057836,0.0182499669170552,0.11109956414246,0.00390314282783041,0.00690707772814794,0.0202022090260725,0.0570959660644985,0.0777601087802395,0.00399931743699874,0.00505991068288672,0.0175885061051998,0.00344449484906727,0
"Ex_CACNA1H_CPA6",0.126677980148605,0,0,0,0,0,0.00365541828352461,0,0,0.315249057138534,0.0481608397593336,0,0,0.139757359535075,0,0,0,0.0199379351771569,0,0
"Ex_CACNA1H_KIT",0.0474977096206606,0,0,0.000940565057030301,0.0115375327409393,0.00463041220267825,0.00370572259786164,0.0219811543658148,0,0.461827686978695,0.00408528378985727,0,0,0.114871519938018,0,0.00393764742091878,0.000792301300683368,0.00895877578472049,0,0
"Ex_CACNA1H_LHX9",0.19538973604573,0,0,0,0.311679235684983,0,0.0197843530655818,0,0.00222685269937458,0.0890120239731625,0.00097860365432643,0,0.00229644210547474,0.0087922966470508,0.00149056863360547,0,0,0.0115017110784143,0,0
"Ex_CACNA1H_MCTP2",0.0622061959409089,0,0.00448491573941979,0.00379473585279394,0.0330830235197541,0,0.00186971600123377,0.0130262131581799,0,0.34504777106508,0.0075590078891656,0.00235603864720019,0.00499114673989169,0.0157935594569854,0.00939489714558903,0.00592237876266819,0.0146610338481954,0.00355659283704662,0.0148092987702513,0.0536978031386042
"Ex_CACNA1H_PROX1",0.0135107857808567,0,0.00261490633918243,0,0.0319951867876392,0.00218069860664814,0.00235497163226758,0.0160362015576748,0.00669640735346432,0.474203644836383,0.0140895793604415,0.00352670540124035,0.00700951900922981,0.0239029621548766,0,0.00149858271050866,0.0219166977927442,0.00822790896907063,0.0150656918490407,0
"Ex_DACH2_ADAMTS5",0,0,0.0363407685976329,0.00343647425226843,0.000349688414149349,0.0169690065981524,0.00178880752790661,0,0.00872470428195233,0.000366246045003763,0.0115072778719571,0.130409456049526,0.00394084320756644,0.00282692530753198,0.00372008152134957,0.0222971880235336,0.10031127552358,0.055596247656314,0.131265564797606,0.0196478264498244
"Ex_DACH2_CEMIP",0,0,0,0.00210723962476836,0.000880606469352082,0.523539011814745,0.000972706567230149,0.00124509486942093,0.0951204477852104,0,0.000581515990847799,0.00519608394281489,0,0.00229954112717912,0.0742662750229894,0.0078185132606746,0.000452564287570536,0,0.000332897796147519,0.0446393523246072
"Ex_DACH2_GRIK4",0,0,0.0563340440229578,0.00117240535296537,0.00769710735161673,0,0.00125949724026218,0.00133451217178494,0.00164316972003801,0.00223038639941762,0.0777339077982743,0.112122345390227,0.184456348321719,0.00193454730050921,0.00241420290882686,0.0149525260445195,0.02387266028609,0.0157873515670341,0.0466537726877057,0
"Ex_DACH2_ITGA9",0.0250551503072799,0.000490537870476301,0.00564032176822891,0.0668716097459016,0.00183029730352436,0.043071578398669,0.00549678545588892,0.0249006391450041,0.00610570284740724,0.00776932182778974,0.0178864168788476,0.0595219552116518,0.0212142737231342,0.00738741227527441,0.0844707076491767,0.027166994492003,0.0155168902771584,0.00683353487258959,0.00640914866476701,0.0992880732365036
"Ex_DACH2_LHX2",0.000607589813666417,0,0.135489658385185,0.00282865515276319,0.00328561539440022,0.000545798085765305,0.00051318505808625,0.0191441922134266,0.00225474452176646,0.0114030843807624,0.00893322968692366,0.012088924581975,0.0646739520409872,0.0110717886417226,0.0209739689975548,0.0107673195018175,0.0179832364665283,0.00983409156472249,0.24297634383817,0.000396457309208484
"Ex_DACH2_LUZP2",0.00285146524598799,0.00100772655921917,0.15958998416427,0,0.044816134378046,0.000808496101745675,0.00138397864483817,0.00759826562616023,0.0151346746308076,0.00498149457426898,0.0508050338413976,0.00273035195682226,0.204620564605879,0.0122851112625121,0.0157767413462459,0.00761053444375952,0.00755384769948243,0.0213178197227282,0.0193028030748203,0
"Ex_DACH2_MGAT4C",0.00161968959740049,0.00026481496416512,0.0770599868917221,0.00398614999437381,0.000612744814293049,0.00261972371592518,0.00108989880299493,0.0067906132058227,0.00459442245667271,0.00142510403079435,0.0790954443268622,0.105250840171403,0.135132755854358,0.00326478195768896,0.00624054142000541,0.0107153055663534,0.0121432231527982,0.0140151183588152,0.0972002131950974,0.000936038968262441
"Ex_DACH2_NR4A3",0.0150372947015445,0,0.0670106338247071,0.00577640901080639,0.000968995301277147,0.00563490578310823,0.00741033306838582,0.000257792765434201,0.00189904705168771,0.00842205540033597,0.017684133703357,0.0771055804679804,0.129738325198381,0.00191197146999886,0.00711898577798678,0.0144747610264252,0.0670487413829235,0.015411694906818,0.0552689801680728,0.00201281188562729
"Ex_DACH2_RORB",0.00130307133901158,0,0.00196411694510268,0,0,0.000822699879338077,0,0.00545125585296641,0.302796307201211,0,0,0.000958339832098616,0.00111727122167932,0.043900498419693,0.027150100407615,0.00934716053195048,0.137745924783299,0.0273026701303669,0.000708447992488734,0.0555164059604203
"Ex_DACH2_SLIT2",0.00620641217310635,0,0.013353269481024,0.0295145925401875,0.051301652407587,0.0129995698445683,0.000814757186997879,0.00634995614296462,0.00984394497556864,0.00235694016838766,0.00759753552265797,0.0046474448567981,0.0282975661089296,0.00191040607192162,0.572728988460226,0.00210733867416625,0.000713941692420511,0,0.00590605048140622,0.00343593553234895
"Ex_DACH2_TAC1",0.00100928184149903,0.000420739420909813,0,0.00508958355740846,0,0.066751030260586,0.00502782464815648,0.0328371979850627,0.0398811716217854,0.000379302039742727,0.00756166575965601,0.0495219045340516,0.00165590941018645,0.0218986036559697,0.107066691447116,0.00791039759684133,0.0220209956300859,0.0415039817811854,0.00400961159597722,0.102592427858436
"Ex_DACH2_ZMAT4",0.0015338294313023,0,0.00069794514676215,0.0174495090702621,0,0.113653233024238,0.00109401202814875,0.00141079113750603,0.0356798811733859,0,0,0.0086129792539268,0.000538040334176271,0.00264728763898585,0.111915736436347,0.0132896427382964,0.0409408963455421,0.00887339285374872,0.000497224905310347,0.337847661965447
"Ex_KIAA1217",0.0369641515651408,0.000494081586864835,0.00250250423378777,0.00735030475965908,0.00964327576880901,0.00766797448784468,0.0156318329052555,0.0782222988734361,0.0373921056649398,0.00185589784109053,0.00586943536451141,0.00539854825333287,0.000237235915502743,0.305441139271132,0.000564663621904991,0.0293891076141705,0,0.0150332679275801,0,0.00215325884641272
"Ex_KIAA1217_BCL6",0.036791320879215,0.00231563460596724,0,0.0177402851828851,0.00738681582371004,0.0931047109998425,0.00708221634266491,0.133076893837959,0.000762710352517741,0.0546316143132514,0.00886704218942052,0.0115505193721501,0.000869948072293347,0.0741185275357405,0.00428659698558814,0.0284895466736145,0,0.0476270082199879,0,0.0041156059482053
"Ex_Pre_KCNH7",0.0120794195892684,0.00227041654942873,0.00193913441106916,0.00095478001175319,0.00238387916115407,0.019816668683846,0.00789853506005911,0.00950357833940779,0.0289815973231725,0.00953191623292105,0.00715411749863298,0.0273564080496314,0.0248062729695329,0.0287016615575812,0.0159672044029238,0.0538911348307819,0.0741177538418936,0.128427156686984,0.00910680956043898,0.00364571631705532
"Ex_Pre_SATB2",0.00743440994719616,0.0235206274597134,0.0030288095861098,0.00304239526590507,0.00176639581650713,0.00572183424282401,0.0186179539580242,0.00202338153868967,0.0110136811797541,0.0340202623134305,0.0175554206967806,0.0300040245560129,0.0196783405924529,0.0433093720292866,0.00784633734157545,0.0635057791667974,0.0728974131088506,0.0938159918657634,0.0110908447544061,0.00500799870386881
"Ex_SATB2_FOXP2",0.011293211524119,0.473873304281698,0.00163325377569765,0.00801510010702348,0.00263926308158531,0.0152127692430435,0.00258327788704051,0.0233158687258096,0.00569322625319088,0.00406696348615299,0.0105978503847867,0.00375719676287024,0,0.0255374188605533,0.000308725515548599,0.0172217070943731,0.0220753770934119,0.018048737084149,0.000344070108982112,0.000521224785393791
"Ex_SATB2_OVOA",0.00418916663321116,0.0440658370359404,0.0240864795863072,0.00244165956964637,0.00159054300737757,0.00396246264423917,0.0036390173306629,0.00820593531104245,0.00666897564155052,0.0493787207912353,0.0277545755644514,0.0968459245595629,0.0214526121060277,0.0211126319720669,0.00623445501491846,0.0510774457473398,0.0529377106041259,0.0572765701157044,0.0225364149193801,0.00286010989569713
"Ex_SATB2_SOX6",0,0.532866087260252,0.00137892325249496,0.00625547250005393,0.000516608276114356,0.00381536717500656,0.000893081903382385,0.00616631610397199,0.0199908731345381,0.00466571453489912,0.026082499255373,0.00141836958204795,0.00139192476489331,0.00604206552110258,0,0.0465173891592502,0.00406089413246375,0.0653578067127601,0.000249717487492246,0.000632888587332441
"Ex_SATB2_ZNF385B",0,0.551005114135205,0.000563071260582287,0,0.000476454851323279,0.000402909486843597,0.0012827624006601,0.00131320263435047,0.0158976687096999,0.00307244958733321,0.0157003828000194,0,0,0.0451910396451036,0,0.00890587851784769,0.000445217275582124,0.0793699259923518,0.000344915045377324,0.000286315700438227
"Ex_TSHZ2_NR4A2",0.55423743449074,0,0,0,0,0,0.0340742546614898,0,0,0.0182923489150544,0,0.00711023391146883,0,0.0341018026700398,0,0.0123871347907872,0,0.00476910037524705,0,0
